KID,Name,Quality,Redshift,INC,Re,Re_err,Mag_H,sigma,sigma_err,Ve,Ve_err,Vopt,Vopt_err,Vout,Vout_err,Mstar,Mstar_err,Mgas,Mgas_err,MH2,MH2_err,MHI,MHI_err,Rot_Disp_ratio_int
13,C-HiZ_z1_195,2,0.845449288912534,41.2411697189016,2.1293561,0.6388069,-21.08,30.8561909996991,3.46332607734203,49.2818815452453,23.568637431058,58.3478763259286,23.2259489038397,72.8482593336023,12.0142079598392,4140284079.28058,1907965013.49336,110210114882.988,82538626621.14305,2275868418.37233,1411933084.0191247,81153568770.3876,82526549240.05194,1.23324641521673
20,C-HiZ_z1_245,1,0.833362054003167,61.5276364390461,3.4952984,1.0485896,-21.79,45.9470647583982,2.9068384064847,129.288286145292,41.3699834097228,161.607766667672,7.98668366821015,167.487631226003,13.4725165654655,7962153419.22227,3669195124.06556,87346589942.4872,97356250607.87415,2938688239.56459,2749119246.5450497,63464587746.5583,97317428427.7563,3.46428527103205
21,C-HiZ_z1_246,2,0.842185379039587,41.9634469839735,2.615322,0.7845967,-21.12,36.3364101121145,3.43150864643676,64.6905454088608,27.9173322473166,108.340170208882,14.8265260383715,133.640603521269,13.5437202613444,4295666006.41164,1979569588.20813,88827153591.2067,82689860420.17331,1877242303.91794,1448336126.6978483,65375873148.3375,82677175440.21353,2.67663618091336
25,C-HiZ_z1_258,1,0.837600692549843,50.5938354956762,4.6041574,1.3812473,-22.11,66.7937927043019,3.78858832276298,219.454616876768,29.4190441199407,215.276483528847,21.5580865309605,222.900061278055,21.0968850948771,10691297668.4087,4926865284.98097,61930950566.5034,101693277990.04234,2633399026.91588,3662038684.3529,44584625217.735,101627320446.00179,2.55742327368989
28,C-HiZ_z1_267,2,0.839406416427833,31.0983058801545,4.431997,1.3295991,-20.42,14.2584090088685,3.37165914511861,118.790783371302,33.6775087935476,114.902765367172,9.9043852879131,131.22658926157,20.7804115194832,2254395961.09858,1038892147.9717,101935274038.743,71674649241.40588,1290853783.99917,745867961.9506059,75672496432.1385,71670768273.1384,9.08579631285808
31,C-HiZ_z1_275,2,0.850856040719295,63.7515587259345,2.456358,0.7369074,-21.83,47.5142844492949,3.72211415984623,194.237582871806,84.3815556711535,165.063899899963,18.7398429141422,159.749982765086,13.3205107342961,8260952881.6871,3806890728.88806,91184697352.8103,95550345374.67021,3253303489.23528,2867146066.7292056,66113829972.6128,95507318958.55312,2.12928869198912
32,C-HiZ_z1_277,2,0.838362986672631,36.7080244458851,4.153598,1.2460794,-22.11,21.1414761083308,3.49077777615402,136.489261932923,47.2082445233825,88.1824660167442,8.55018504373689,88.6121961774396,10.9369517101073,10691297668.4087,4926865284.98097,47221577398.4774,99952310486.44966,2010566882.59954,3604268597.1916924,33993240989.3819,99887304596.02428,2.75652464858099
34,C-HiZ_z1_285,1,0.833803935874193,71.3147182776239,1.5820578,0.4746174,-21.26,43.9101020225844,3.47297780873869,75.9791395735664,28.6215550214913,78.8782329993238,25.198197080707,83.0966980220836,9.24746786085551,4886864121.89403,2252011116.0802,89188255922.4054,86570747885.17542,2054480879.94504,1655921795.0294344,65514116573.2784,86554909233.43025,1.04101362805382
35,C-HiZ_z1_289,1,0.842692496949874,46.2917739054202,3.7175689,1.1152707,-22.17,33.1223969920806,3.13771187286337,144.447743720799,56.9045082296271,191.440911702469,11.6355767538809,202.256692966432,9.84811768583979,11298745023.8063,5206794941.84622,72276205300.3361,103090060085.53421,3234142694.07055,3915446423.813175,51911325267.8688,103015677291.08662,4.97319855157209
39,C-HiZ_z1_297,2,0.840623489072706,36.1190977595172,3.7084405,1.1125323,-22.91,75.986839429325,3.59318068583233,221.424360348485,69.3683248790894,210.135890794289,18.2857113065255,259.155951375954,22.3742034331695,22337271401.4147,10293673456.8731,59063170196.845,120543880868.37096,4400725751.93434,7857571557.414085,41099582289.4065,120287513001.25931,3.01083716230613
45,C-HiZ_z1_314,2,0.834880298504295,42.3759501838744,1.7687768,0.53063303,-22.04,117.548368682004,3.54441854508729,242.808612147183,71.2672874081271,251.582846573283,63.4508416499304,258.000256367929,14.8256612625022,10023757306.4554,4619242998.36655,118483153871.148,104508135531.19295,4772626340.72054,3557031439.3055825,85496637240.923,104447584555.82391,1.32153649518401
46,C-HiZ_z1_317,1,0.853780219124342,68.8397213445915,3.9519444,1.1855834,-22.77,122.280704819348,3.70607191089615,191.398226799618,58.2460383502361,216.789268447975,13.3768879143426,290.457617504464,14.5035936426073,19634975526.5671,9048375818.69452,73309542042.6693,115691035895.4072,5072950363.18768,6966053896.008277,51305708029.6854,115481123477.69354,1.22712737239848
47,C-HiZ_z1_319,2,0.840024327278409,73.8672125870908,7.07452,2.1223562,-22.37,17.6393139717721,2.31116772076869,146.411482581176,15.8766841808871,160.062870250927,16.8505521120565,159.906070137809,15.390276284114,13584088880.6634,6259948792.93244,41071401536.4764,104734688667.70854,2105032963.48131,4586435011.251297,29298021483.455,104634218228.11792,8.695122738075
48,C-HiZ_z1_325,2,0.837241064642836,28.064000034789,0.9275281,0.27825844,-21.14,40.1573429709933,3.4586395946074,102.617341120517,36.4427650179363,105.057479603845,31.8210539430977,115.568761315666,22.4574475747363,4375522559.44983,2016369843.06444,78769154339.5438,83180135385.76283,1674266503.90801,1465493039.017551,57966081079.4254,83167224631.74075,1.66389972494989
51,C-HiZ_z1_340,1,0.835543867100698,46.7583235970958,2.2292604,0.6687782,-22.62,68.8594525577563,2.91668573640855,185.328889281495,60.0306692637651,241.175699087571,57.9476263177174,206.95613761962,13.9399676638782,17101354746.6145,7880808638.99286,52706686311.5149,113234958545.15141,3190247253.69525,5911468595.734539,37230405306.6313,113080548175.90779,2.09961681581117
54,C-HiZ_z1_67,2,0.839779423585793,74.0586267496167,5.1623783,1.5487136,-20.62,49.5873755179356,3.54601058260544,70.0458614246833,11.2772969032951,157.307840840497,14.9333400722033,171.608577546246,16.5765134493538,2710381997.58004,1249023962.01845,103131052815.907,74942664272.9342,1511319357.29076,904291079.2678342,76405814630.5382,74937208287.80377,2.77806596056236
61,C-HiZ_z1_85,2,0.837831720632963,41.3643225029639,0.92817795,0.2784534,-20.41,93.2004530961009,3.92306520604897,195.718521860175,61.6839915084191,199.419876816228,52.5848132036845,215.311420756858,34.0021812771376,2233727063.49963,1029367310.36849,198894175136.36,74585565273.11076,2493462762.54669,768288115.4054004,147669708551.74,74581608191.8404,1.30077478130553
63,C-HiZ_z1_90,1,0.854808919275469,63.3914876376286,2.5611658,0.76834977,-20.95,43.6663362873439,3.38844882320962,106.294318817354,36.3812287628906,117.678077253672,10.1728732861796,86.9950575069844,9.61939964786774,3673080745.07809,1692663937.82401,123618618049.865,79443155681.55237,2362341498.61574,1255663372.5257924,91170132745.3002,79433231673.76651,1.80844061338926
66,C-zcos_z1_1,2,0.906427662295384,38.4491801790962,4.097195,1.2291585,-20.42,30.6533471846832,3.44537636070096,52.6116682737802,47.4850208686521,39.6020527250939,25.7752450481374,237.983936884425,147.229898479105,2254395961.09858,1038892147.9717,90592092668.1587,63551820892.13941,1288975492.03825,744232792.179951,67145200884.3011,63547463019.83747,7.03991634909708
67,C-zcos_z1_1015,1,0.88859470099343,66.9199422387446,7.291261,2.1873784,-23.18,78.9004358183717,2.57654977960584,292.53307777313,26.6427908471547,325.063044357676,36.5805861651609,310.06167569635,35.2670319347641,28643778433.9351,13199897895.8226,37307496601.8131,114891980175.7891,3603993577.33572,9931221061.507002,25340979717.6522,114461949821.5079,3.56407410280137
68,C-zcos_z1_1021,2,0.927272552624575,63.4272703969818,3.6876013,1.1062804,-21.74,39.1384996156053,3.39276051572896,106.814352827225,35.6657499539058,99.9305846523687,11.0676338339803,113.408406037181,9.64156266808863,7603789464.20346,3504050444.33339,73295594550.2745,81346256829.13873,2789892376.41201,2610415238.139732,53011806145.7613,81304361705.85616,1.94977610009301
71,C-zcos_z1_15,2,0.924967179598616,53,5.2910314,3.174619,-22.4,9.8664298529078,3.27532879563254,160.61688783772,15.4474216786712,237.179308099523,19.1702047255404,265.794193321691,20.5960889918869,13964649069.6788,6435322151.92572,45326934382.8847,91928068091.14719,2730375127.13145,4774653872.670963,32027488162.2205,91803988929.49467,26.7386485216078
72,C-zcos_z1_156,2,0.868009194274421,54.0195061237679,2.1255233,0.63765705,-21.62,27.2140743261732,4.33648211159025,215.804435090187,90.8208368352887,193.218335352123,65.1948799379133,167.511888120371,22.5707208034869,6808171857.36773,3137406385.88375,95232695910.5294,88788948162.65317,3013177933.06816,2353102332.080236,69337983441.7002,88757761492.98195,5.7460465649651
74,C-zcos_z1_162,2,0.960409965112534,42.0972853173802,5.1750646,1.5525194,-23.52,52.4187479981597,3.73029657575697,163.450205078047,16.686089688838,188.855546899373,15.8600504383539,192.335813782254,14.8716468105469,39176927126.7577,18053883468.5519,49168898002.5245,112165532346.68016,6612434605.94097,14030186488.907106,31997340899.6869,111284592436.24269,2.50997982638996
75,C-zcos_z1_166,1,0.923378805475575,48.7071265877895,2.7665849,0.8299755,-21.61,28.2920147881183,3.32974712396668,115.902842758926,42.5001897409394,105.086740870736,14.0343648019476,89.5338532230657,9.96707779101527,6745752739.6155,3108641815.49101,87096185938.7729,80346539787.23073,3003470884.72793,2327461369.1837897,63227605303.7932,80312822010.90936,2.44686963562302
81,C-zcos_z1_189,2,0.937734238800976,50.4910501849683,4.3405485,1.3021647,-22.46,24.3264851087398,3.28060767414,55.8789936048025,51.5765833188339,232.258978490564,136.390437647312,146.045849886486,88.4743245888518,14758078399.7308,6800957787.89438,77022664828.5121,94130835926.97925,4936014111.40221,5221758066.325824,54200489260.9849,93985889978.27625,5.73054427620191
84,C-zcos_z1_192,2,0.914106107187718,33.4048098404057,3.5357754,1.0607326,-22.01,36.3548658335621,4.26561691274295,212.455561499232,83.3500877013599,196.730299168479,28.0794738095831,167.920146229587,18.5054517559405,9750575921.15481,4493352959.05752,101291616367.007,89966331184.3346,4565442165.94436,3442969148.612706,72726446767.7163,89900426640.87349,3.6250932261772
86,C-zcos_z1_197,2,0.837415524117768,40.7686302913491,3.6033008,1.0809903,-21.04,52.2129021245572,3.56460453114295,132.714052793455,43.6686393237604,93.998259450357,12.2017282900731,73.1006294527385,9.94866347141808,3990529604.81999,1838953734.94009,85659251621.761,81727150605.96785,1694465631.6306,1338062086.9908562,63131418037.692,81716196289.48663,1.20059244841798
87,C-zcos_z1_198,1,0.95912955760026,68.625401228381,5.584179,1.6752537,-22.42,23.8938693550794,3.34787936402288,123.870664604975,15.3368400725771,122.522475266983,12.3659212123855,121.726988932945,12.2955344327553,14224277280.6578,6554966488.7824,61854224436.471,88965515852.47559,3989111553.0255,4968614038.480246,43507603671.7635,88826662018.97774,4.30206587607996
88,C-zcos_z1_2,2,0.896927556077255,57.2959272451797,6.1939964,1.858199,-22.65,106.195872171383,3.15205035744769,302.165597133855,14.4436470126257,300.150957372713,16.1849961001368,277.932956139513,22.9261312486209,17580451640.9271,8101590617.93876,46635768165.5503,101975119536.94574,3189829417.27795,6064231278.57005,32666119359.6033,101794646733.38371,1.82540993389231
89,C-zcos_z1_200,2,0.955678747032042,39.6624753702348,3.176221,0.9528663,-21.15,51.5248889266031,3.63049303633001,154.584096219003,62.0028696126613,150.832552316415,16.8747495979807,144.080915708971,15.3786517562093,4416009702.75437,2035027512.79003,120344712748.31,70140921670.20605,3150918885.90186,1529795228.197478,88115634483.0134,70124237031.89766,2.17417068772032
90,C-zcos_z1_202,1,0.840891432150741,53.2512318199048,3.161079,0.9483237,-22.73,79.2156719822596,2.94686243031256,175.12449056579,55.1103660169693,198.511595697011,11.0427208707185,218.453705971131,10.6607054238918,18924743322.3092,8721079872.03189,119784821696.939,120665032840.37012,7893000226.97768,6895210425.515059,84129189075.1586,120467863862.34076,2.13424561385186
92,C-zcos_z1_322,2,0.961796520965159,50.6036953178356,2.7765722,0.8329717,-23.27,79.0619713800212,3.33627023623655,203.983088562516,68.2604150742543,164.208198401209,12.4185778683753,214.77363337953,16.2661906610366,31119339259.7451,14340709336.2881,34606926861.4606,103567699026.95139,3968898292.31215,10826302012.989014,23036111706.1266,103000288671.73499,2.08705810126808
103,C-zcos_z1_354,2,0.838741877969311,36.9638207802593,2.0538583,0.6161575,-20.88,37.230073516664,4.05540852156186,200.178602539194,81.1135486296231,184.426085915598,67.0634291034899,172.006281960155,23.045633523128,3443735869.87538,1586975055.24211,137260942530.6,80900353429.46368,2424249328.29682,1180065043.3686302,101380972332.559,80891746374.43277,3.64724843535716
104,C-zcos_z1_356,2,0.970478480042079,27.6291441859696,2.4829235,0.7448771,-22.51,36.1812171930992,3.29278671959566,92.7054308738309,32.8129673328839,85.1965330536492,27.1469255479481,113.471622701625,10.2000611191764,15453621506.0599,7121484565.00456,105125683291.663,91955528322.06097,7341836737.69625,5591696093.391231,73521689138.3207,91785358983.81894,1.25269949136042
106,C-zcos_z1_460,2,0.8962286235322,60.7953237239398,5.50943,1.652829,-22.6,41.7948419348693,3.48189298341285,192.065917592337,14.6486281787582,209.177099558679,15.1880333032624,210.660354921986,15.4505166667179,16789212762.1344,7736964406.51355,49596573264.5944,101329198305.96356,3274030715.22437,5801556347.5721245,34828979360.4286,101162979262.55055,4.8951255831718
108,C-zcos_z1_462,2,0.887300177746063,43.2504602879607,4.2034597,1.261038,-21.31,14.5903616304649,3.36213071432839,67.1105601405693,26.1677730703797,111.84182474627,15.2030537680018,141.065766303571,17.5382094889244,5117171340.18961,2358143474.74176,56728356019.3936,77812516906.21748,1485931288.15548,1697870606.5870843,41535657692.6602,77793990916.2891,8.96276619538683
111,C-zcos_z1_471,2,0.894796888535017,73.036776032181,5.8885202,1.7665563,-22.8,42.8812976209938,3.48655351610724,213.315120639634,23.8883054974072,201.402488482938,17.919638227957,201.402488482938,17.919638227957,20185052168.6848,9301867358.84092,40638552643.6102,104965855984.86192,3069304547.37159,6942821121.610821,28247554959.5779,104735992655.38132,3.33324801090027
112,C-zcos_z1_472,2,0.886578262609053,34.621240129845,3.236356,0.97090685,-21.68,23.7620083509363,2.75797449032695,140.49196265138,114.989907345649,111.076638496808,61.1744895532881,72.1493810718406,42.0263674121808,7194991691.41558,3315664373.92423,59364157275.0971,84814511604.93127,2023218347.37527,2427184302.9844174,43113487915.5803,84779774446.16356,3.00092087086057
117,C-zcos_z1_481,1,0.848692662911496,48.0792683919388,1.5160549,0.45481646,-21.51,64.9366081820283,3.73996031893199,189.070082576437,92.3118155176272,179.354816040231,65.0942121563159,167.25751949074,26.2488842234891,6152197448.14651,2835114031.40392,114231373289.368,90510281948.50958,3231665535.30399,2137538210.1637647,83458426882.7549,90485037817.30319,2.00759872426509
118,C-zcos_z1_482,2,0.952926096147298,54.5621730058665,6.064525,1.8193576,-22.22,15.025312878152,3.29646831027769,72.0787627312812,10.6915296432295,239.907957224883,30.6458297178308,239.907957224883,30.6458297178308,11831230165.9664,5452179799.98452,56528955149.4908,85492924318.59753,3142976207.20477,4079262554.8422422,40139833791.1925,85395548628.4508,15.9584031257452
119,C-zcos_z1_484,2,0.855195199248414,42.7268526711873,4.3298097,1.298943,-23.03,86.5942329438291,3.6792313552556,176.01537742298,55.3048193116113,308.362256253082,31.4195034705133,338.915907511304,44.9049931880384,24947696808.6547,11496634474.0344,44263756732.3109,118730649374.95251,3664811383.8196,8673022312.946894,30525522818.4145,118413452719.51595,3.3151514857371
121,C-zcos_z1_493,2,0.888067460218673,43.9492911034831,4.303485,1.2910455,-21.07,19.5425570756979,3.32135925836358,24.9462533778596,22.8552245129553,66.1572685894017,41.8253379498659,42.2447185987014,28.2919456831489,4102324861.31627,1890472286.32086,147549316258.055,77933210864.75818,3256516369.35943,1426891373.6173766,108490826983.982,77920147180.93619,1.96857554776393
122,C-zcos_z1_497,2,0.959999733677582,34.4436987066793,5.6932983,1.7079896,-22.78,27.7976715921014,2.37002944229737,148.109686062141,6.53682693926235,157.56757971977,13.6783001870718,185.094296368433,8.98959403975304,19816659898.4619,9132101335.69673,43313733558.4764,94273315213.36722,3576767433.52527,6866922144.631372,29877418139.061,94022887328.45033,6.57995992274149
124,C-zcos_z1_593,2,0.924073321675848,72.114469250196,3.7753708,1.1326113,-21.24,30.6625750446115,3.59149966112045,151.623343870818,59.872381355689,153.510145938403,18.887477356067,175.517700641717,13.1817186184483,4797666775.39756,2210906348.10947,96880616548.2285,74380295409.00052,2567752311.90877,1642731906.092227,70911927997.2329,74362152853.55104,5.10720315473047
144,C-zcos_z1_642,2,0.917786347062558,42.3692596039773,3.0503702,0.9151111,-21.98,62.9986523370214,3.27401534044873,188.781283978866,71.1524081893782,180.469989632377,16.5022866096907,156.986323377836,13.2723602235646,9484839655.18351,4370893850.31498,105614750754.074,89045913978.29803,4689136976.28878,3354514501.701575,75883920133.6731,88982706346.16777,1.45100527343549
145,C-zcos_z1_644,1,0.91394965782056,56.2602741960228,4.3298044,1.2989414,-22.18,60.6520270545762,3.76667725117907,160.451698325918,54.6111378855754,189.248613538023,23.4302952433285,258.026809694266,31.6149830873117,11403293429.7909,5254973930.77922,65007902548.1002,91049949717.10133,3300350274.45026,3947529738.357113,46396655844.8496,90964335607.15688,4.11338271968235
146,C-zcos_z1_652,2,0.916857517977984,52.8078059155556,3.4467535,1.034026,-22.05,28.1274420518139,3.96023940504648,186.032982824249,70.3522835960548,169.427174344588,25.035736388921,137.564785054972,16.1191074653537,10116490352.9127,4661977121.15793,49188263203.8846,86599814132.04321,2290595387.48042,3429303003.84211,35261404373.2362,86531888276.01228,3.84919687148355
147,C-zcos_z1_658,2,0.837323085729283,44.4140636815982,1.1197848,0.33593547,-21.32,30.4750563010744,4.92593484596601,239.42950308607,95.0730963281638,232.252101925786,79.9671126241055,217.825835472407,51.88430222186,5164521033.06612,2379963609.70789,198464067278.491,91402586289.5882,4802922528.11873,1838934246.1340199,145609883270.957,91384085601.72833,7.01055384181212
148,C-zcos_z1_659,1,0.981667108816392,53.9197560410107,3.1556273,0.94668823,-21.92,27.5756455520532,3.38069880775567,116.57519885717,40.2978752425517,118.875411212424,9.59967549284102,104.070271940594,11.1726228618206,8974912158.56582,4135904220.53724,67320386130.7545,77164977387.58844,3176908957.17299,3098522392.4737697,48228178326.0011,77102742455.83209,3.4632361233739
149,C-zcos_z1_660,2,0.929461340021648,65.2058449867963,5.4115973,1.6234792,-22.48,8.25580426154688,2.6823630429363,90.3801523899683,9.74042859289198,145.226219941482,7.81946787552391,132.715174700365,9.82153374676458,15032457904.2419,6927399955.87184,52182390056.8883,93666442639.00351,3346053885.29773,5199197826.034464,36719049753.0756,93522033866.95294,15.9038412055809
150,C-zcos_z1_670,1,0.879092112507921,57.1958445504065,2.6539555,0.7961867,-22.91,70.2391503567481,3.88472443007423,248.516810000861,84.392284077999,235.880287438495,22.9207143477883,154.676359421532,25.6174739314105,22337271401.4147,10293673456.8731,75137989909.3453,114510259891.57169,5962542583.58523,7989082729.633124,52011614530.6467,114231231182.95789,2.15489531065382
151,C-zcos_z1_673,2,0.916525120958086,42.5012290407337,5.733666,1.7200999,-21.32,41.5678997956327,3.36971441055785,91.2540753454941,10.4867822227615,108.239426636858,10.1424209785185,108.182318008388,10.1311702685458,5164521033.06612,2379963609.70789,70682500683.7205,75253211749.37209,1959085842.05679,1740163972.6110673,51671740482.4539,75233089182.51503,1.75895343184218
152,C-zcos_z1_675,1,0.891498808273444,57.7829254293562,4.441016,1.332305,-22.87,115.558937579031,3.79621543904005,246.321863227276,77.2246350876881,256.872053902065,21.0363872508005,281.86904637481,22.9150629676313,21529330140.4895,9921350295.15645,81642478473.8056,111698876283.92896,6432594312.63498,7733023258.728033,56548785083.5869,111430872357.58516,2.00076259650517
154,C-zcos_z1_685,1,0.867736864568498,53.7139373702502,3.475418,1.0426255,-22.49,60.1343778894943,2.8714104030572,153.686555548601,8.42102024321932,127.6984955409,9.60190470653796,105.588882992939,7.10376801556879,15171554725.0488,6991499873.29438,77891580913.2552,106523138960.22855,4547352146.4013,5352051542.089583,55146036666.8074,106388602200.7573,1.55692221784559
155,C-zcos_z1_690,2,0.925160285943542,51.989322929882,3.250835,0.9752505,-22.84,48.8373832244293,4.08083836418689,240.091665644324,97.390398309309,215.968172995077,33.9386614510839,221.427880697867,28.2110995918986,20942582870.7221,9650959848.25903,56487404143.2221,102692667219.50981,4600932624.19422,7369576265.063048,39012384600.7729,102427892911.69864,4.0292680718576
156,C-zcos_z1_692,2,0.926978416050857,40.1830917556491,4.1659923,1.2497977,-22.99,45.7089068373571,2.37667113637471,133.254641314009,43.5281903286654,179.426293532953,10.6220949919089,195.849388482042,9.48001592664978,24045293967.7856,11080780630.3159,78537029735.857,107954830158.05035,7097167836.99864,8673866147.089537,53714181878.8408,107605805607.85683,3.97415974036116
157,C-zcos_z1_693,1,0.924618181499726,56.279372980998,4.155385,1.2466156,-21.65,60.254264222299,2.77412337312672,141.263614124277,45.3644958281362,147.353062981877,12.4040673677116,179.012447373064,13.7000362914637,6998903763.76578,3225301273.62478,82058047649.8959,80616388559.61792,2917345305.389,2410180897.2202363,59504287477.0729,80580352024.78313,2.25860522568278
159,C-zcos_z1_698,2,0.926691072515854,34.3995775864652,3.0274315,0.90822953,-22.59,30.1543215318189,3.6141713130346,138.342886926414,51.0464294076793,143.256737516829,15.6280640759143,156.246343749367,13.6128834582942,16635284825.1901,7666029873.35949,53594253022.8461,96578157898.26505,3690332756.30726,5784448455.925541,37521744561.3074,96404775499.36494,3.42069695252535
160,C-zcos_z1_703,2,0.803368977024114,32.762190660658,1.8197962,0.5459389,-22.37,65.3954051770309,3.51493656967692,224.890003406731,177.582961456296,229.991708345868,170.079050322146,200.129171818555,108.137116492289,13584088880.6634,6259948792.93244,53589578959.9815,113412191474.59087,2578656765.75793,4647909154.563259,38354076837.7621,113316910104.18608,1.9817942379607
162,C-zcos_z1_726,2,0.92824094331167,38.804474027861,2.802337,0.84070116,-22.33,12.2693447543326,3.32823786569844,225.598605401524,85.1150462149542,165.488039331406,32.4722116716048,160.13917805321,10.5577664253758,13092728075.2733,6033515242.06143,55883962463.9699,91138231571.95859,3223781141.05391,4521486324.167187,39594121295.4255,91026004061.94,12.950903859146
166,C-zcos_z1_796,2,0.885444447917447,32.6846719408776,3.3286138,0.99858415,-21.06,14.9816887756441,3.30803776225022,87.2386193746586,28.3761637570325,89.6408915024772,7.4184104255659,103.532394801553,9.58891309245436,4064713663.48798,1873139937.09124,91842095664.8925,75954912805.29694,2003453566.32819,1374147745.6347322,67547851201.928,75942481505.63312,4.74927985396225
171,C-zcos_z1_925,1,0.912870404082449,45.5946815161345,3.7296395,1.118892,-22.49,21.690529369148,3.6147854406029,165.671002397875,58.6335046975833,156.788352658785,13.3950402324696,157.337017710788,11.2279199521488,15171554725.0488,6991499873.29438,70246928230.4756,98172783802.74655,4416134201.28053,5335737087.30703,49496837615.9362,98027676649.58684,7.23477040736529
177,E-zmus_z1_107,2,0.96169364551841,27.8617791652652,1.4222546,0.4266764,-21.13,25.8159019295606,3.30412481080686,83.9269064206964,27.6970282886135,82.6293805552193,23.6836332914096,80.8493196616137,15.849688781906,4335406612.9685,1997883231.78272,78079706519.3832,67418988688.53012,2035174090.03879,1463679449.5946155,57176340172.4394,67403098432.14173,2.56749147618753
181,E-zmus_z1_117,2,0.841633641987028,34.5254621532204,2.9573355,0.8872007,-22.52,24.2298942213367,3.56075059283914,84.2069692715106,74.0094935273123,69.1672196839571,45.9977701552599,87.9542542187202,56.6012342763709,15596615395.3587,7187380366.52475,49717452278.2458,109208800154.80125,2836718083.33921,5355365867.416506,35248672326.9974,109077413279.18181,3.59283941128257
183,E-zmus_z1_119,1,0.841298299434541,61.7587201033233,4.19094,1.257282,-23.13,62.7836230325721,3.58888195552252,239.94058751764,84.2821031036342,236.237749513282,21.1524428280576,200.666925508988,17.2374396641298,27354567188.459,12605791331.0871,53774656277.7492,125774222241.27309,4655940037.96431,9645035292.600237,36931365593.8232,125403860684.59636,2.74418373331782
184,E-zmus_z1_12,1,0.976393156660594,51.4432118877108,3.91059,1.173177,-24.03,88.8467624693463,4.92122522416893,340.183044125284,113.591265707883,338.72434597477,27.3806976243473,339.414805936876,6.07923877915817,62665781971.1296,28878240539.6911,54397719763.1167,123963921965.92108,10258001252.8931,22970683946.93924,33187758278.3635,121817082661.59882,3.31228726653415
186,E-zmus_z1_122,2,0.996927381685542,45.4990365430458,4.9662123,1.4898638,-23.51,50.4186027323878,2.66324283093687,179.070318255146,9.33414894973158,157.726439068934,8.24930010124415,130.034524398495,8.91915650865902,38817742711.5098,17888360696.5483,42119123013.9855,104692683331.5618,5931993250.53461,13803441156.892012,27208368243.1962,103778721110.78888,1.46753372743648
188,E-zmus_z1_125,1,0.997852820527072,61.6831545172402,2.5132022,0.75396067,-22.29,27.7890167665117,3.77004605799927,147.390583537407,50.8730656114982,136.467372742193,42.4112900789767,144.490625888054,15.8382729547713,12619162838.0521,5815282413.84889,55098823566.205,80711091186.57881,3451132684.03859,4369574237.369467,38832850287.3432,80592723378.1832,4.64687188691734
189,E-zmus_z1_127,2,0.895530603976106,51.190461428185,4.0246596,1.2073978,-22.26,80.3248939269096,3.65470780703144,142.688783716076,46.3504745851472,166.801353878332,12.3479625010167,181.035167806664,15.8802660643568,12275247848.8879,5656796243.72714,44084070173.4387,93404176413.68115,2296215903.04005,4160353687.857339,31419439301.0516,93311476404.08441,1.53368394251597
201,E-zmus_z1_146,2,0.862010422847141,59.2570222338319,3.146733,0.9440199,-23.33,18.0403319457908,3.49103339369817,221.784835610485,73.3063068489462,254.086218865278,17.6447145969532,238.371107142767,24.3140184718577,32887446455.0866,15155505278.8418,46000714399.4383,125812043852.99554,4706334765.39739,11585040677.238459,31048405739.8804,125277520772.7819,13.1449614354799
210,E-zmus_z1_166,2,0.975108115765321,42.6740196450803,2.4559138,0.73677415,-23.2,30.0562260241856,3.06500885021376,157.46676767572,68.2991005035506,191.689111318808,60.4947084363087,151.027859408687,16.2485886104101,29176318343.3431,13445307992.324,53502918669.4135,102393893414.22495,5978813581.30813,10398164904.173876,35732409840.6808,101864555048.10918,3.65607171891809
217,E-zmus_z1_176,1,0.95884628861074,70.7528738611824,3.3691907,1.0107572,-22.03,30.7696424377145,3.9910972208937,214.358511397229,84.0882913770751,182.117189452239,26.9101801558802,129.06909459553,14.6782261120235,9931856852.01049,4576892558.53018,91773292520.5101,83523850989.9772,4511060495.18972,3500367713.4667563,65610700770.9176,83450470999.66803,3.38839214715468
218,E-zmus_z1_181,2,0.805582945472656,30.377926203643,0.7213205,0.21639617,-21.26,49.9331517904566,3.47814570426665,150.923542421878,44.8984457575486,150.923542421878,37.3522686364547,154.730598205784,22.7304548817607,4886864121.89403,2252011116.0802,113154774154.266,92226570142.2566,2479360740.61156,1676121258.2437975,83214596551.6197,92211338010.74704,2.57412421044431
221,E-zmus_z1_189,2,0.840015761282798,39.2909646780095,3.1578732,0.947362,-21.95,47.0704462225015,4.46469437948129,212.472851585835,82.2920302234457,179.179053504939,26.289005634718,168.876332754613,21.6270696153704,9226361812.02774,4251779636.87914,69803223589.951,98421387342.5707,2661666728.65692,3164169508.0850415,50482373579.9203,98370511423.70074,2.86109393922551
222,E-zmus_z1_190,2,0.813877777546905,32.5801660751361,1.4539032,0.43617097,-21.4,46.034977712147,3.54899471011288,71.334600936757,28.8237295045354,115.765992805076,34.3057313532001,172.176706624376,28.5764567081003,5559426852.60215,2561947858.342,68746267587.0945,91058967529.8677,1690797075.78748,1862608858.820496,50417647000.9828,91039915728.45697,1.59290791690363
226,E-zmus_z1_195,2,0.821741846264265,44.5238893498015,2.1924925,0.65774775,-21.98,29.7619892611792,3.48055114073768,38.7532710398871,37.7429753661765,39.6015772221295,37.8782203203808,144.874515718827,86.0561033218675,9484839655.18351,4370893850.31498,48872688061.3657,100149554924.9775,1844242244.30022,3185071334.5354176,35359733697.0417,100098894460.75319,3.98500089987153
230,E-zmus_z1_207,2,0.820057706060306,40.1605893501991,4.284553,1.2853659,-23.18,22.3720021373708,2.81225056587902,91.9734010446791,32.5873531681756,83.0740813861349,7.97315444017022,119.490693055447,12.5206887185673,28643778433.9351,13199897895.8226,34268975673.001,128503421208.21776,2963172326.54748,9840161943.810953,23538198004.8523,128126111605.46552,5.23804130692909
231,E-zmus_z1_208,1,0.861795772915053,63.5141181236379,1.635211,0.49056333,-20.44,24.6203038645621,3.58961425943078,137.228465019622,48.3284112412924,128.187049702335,44.0110170542577,117.415373441086,22.0154267320511,2296309280.02967,1058207041.48833,137051212803.583,70501901659.17154,1831749307.52981,774879139.385024,101668769545.905,70497643222.15913,4.51524630866047
232,E-zmus_z1_21,2,0.839075627006777,25.1815296071909,3.1547704,0.9464311,-23.27,28.2194839528152,2.93697157092702,131.321170770485,46.987186044246,161.044844847495,14.3344160377148,157.084078658345,15.9650533277627,31119339259.7451,14340709336.2881,40909606948.0765,128201110636.72745,3876339118.22905,10849091366.371452,27844562278.0808,127741230560.12321,4.92218552508091
237,E-zmus_z1_219,1,0.976920281216369,61.9708232698227,3.3533795,1.0060139,-23.09,47.3386655085587,3.4682447101044,177.75419853009,54.7286268842898,202.513418253802,15.6551584591585,217.095246104719,14.9087466015585,26365149855.0193,12149838642.866,86607271550.0698,102459740010.94092,9027429305.59004,9631054080.870617,58330708454.4961,102006083742.10312,3.61359764818219
240,E-zmus_z1_24,1,0.823131685449468,73.7041699695031,3.9,1.1700001,-22.33,55.9751074515846,2.94932625842887,169.865711048964,54.6966625294449,127.321378478629,8.96160788278045,187.877095484084,11.5425782484061,13092728075.2733,6033515242.06143,59604079005.6278,109260510546.79134,2885845867.08324,4506884425.062558,42645288074.0936,109167518785.23497,2.2787542123003
241,E-zmus_z1_27,2,0.976141775640211,70.5163464811751,3.1889703,0.95669115,-21.34,29.5025354484259,3.20710209904839,57.5726970948952,25.798264593601,65.281567501732,10.6464146545456,86.3972687871191,9.51016947581713,5260538867.07597,2424211459.48201,61861982331.3642,68088679932.812584,1918632148.22845,1767712984.366249,45070188107.6209,68065729451.74317,1.5983989493684
244,E-zmus_z1_35,1,0.804665061344033,51.8440542277182,3.724687,1.1174061,-23,44.0176088459142,2.87238698746953,179.723441687156,57.2013030924228,240.008666547861,15.3915410992454,245.448056850937,10.6381607151308,24267787452.7229,11183312190.1949,38251780307.9897,127634753225.0692,2853281351.33762,8329796333.161007,26615412749.3625,127362650427.32257,5.56339319258233
247,E-zmus_z1_41,1,0.981888475889144,54.9539928340244,5.368617,1.6105852,-23.28,94.3985183010547,3.57563757083244,258.681308806597,32.1052369656031,247.813135457071,16.2544187668703,248.030215458413,15.6928741725205,31407289585.9138,14473405339.1308,32012429195.7914,100082166466.03514,3806709567.22085,10894649653.244736,21207307991.4064,99487419573.87488,2.0453075268009
249,E-zmus_z1_49,1,0.981514334591861,64.7709408409778,5.3665767,1.609973,-22.75,62.039827467678,2.2991316249368,155.513107095011,11.3629314660205,159.173120860032,9.52288871754831,148.605525438363,9.49227797041123,19276588701.8452,8883220599.92866,54103759253.3408,91673566097.07123,4525179761.38494,6770655301.52421,37277127437.5608,91423196989.2873,1.49127833939648
250,E-zmus_z1_50,2,0.908405848657256,52.8314349650454,3.6382983,1.0914896,-20.18,11.7207337137285,3.31038114704054,373.79701790046,97.5241703432618,356.358851105704,6.59250682599977,315.347558374171,6.51992278203407,1807300163.24272,832857218.084203,109718052165.986,60727044079.79832,1315539247.95181,597940666.6723037,81505648810.5523,60724100237.293816,2.28254462864372
253,E-zmus_z1_53,1,0.8321640402943,63.3265608092825,2.7186131,0.81558394,-21.14,15.4324033685761,3.60855372961139,98.2757804949621,34.9588304283799,130.078231107107,12.9746978523226,127.227034155021,11.3662535215756,4375522559.44983,2016369843.06444,80252127908.2496,84006274169.63527,1690608235.57988,1466598299.4063067,59068811783.9622,83993471111.10547,5.98597549748031
254,E-zmus_z1_55,2,0.885166989432031,49.3970281566321,3.5452166,1.063565,-22.18,50.1090883628912,3.54717721503472,115.895598769107,45.8157681355868,144.410422239029,15.7263681276346,161.350538038381,15.2333394897958,11403293429.7909,5254973930.77922,53595829616.2096,94442418606.1602,2594689205.51873,3895250501.8268495,38346722113.3014,94362055168.95662,2.74809671042491
256,E-zmus_z1_58,2,0.847670670999728,29.8411255012231,1.9201423,0.5760427,-21.94,29.6978481303125,3.38608523925614,63.0643113632852,24.2572430982994,139.448276619445,41.6365157253028,178.96964025753,15.7233865992275,9141772090.08257,4212798198.19473,41467141546.5307,93993255621.21379,1590841891.24477,3040982983.09803,29982180191.9443,93944049970.02922,5.61977644895556
259,E-zmus_z1_65,1,0.841963838808606,67.6321566300312,3.3721917,1.0116575,-22.09,22.6188860217721,3.47896050822762,213.418294879586,75.6186910194051,216.422332136738,23.0507533042672,195.194955352989,18.2264763066944,10496155065.9465,4836937818.40853,75516333570.4223,101661794960.00014,3189890103.84617,3635724958.730594,54380784561.3354,101596762047.38797,7.69395263902114
263,E-zmus_z1_70,2,0.858493851984656,41.5377008943605,2.591769,0.7775307,-23.21,43.4979391923858,4.22300295491175,186.328643746577,79.5982837816672,146.735632099169,17.879035226452,156.735279577975,19.8198962573648,29446237975.4397,13569694919.5575,38256237089.3554,121870648152.79541,3593706730.39745,10216044205.886433,26062052901.4721,121441703388.76933,3.08836272278802
273,E-zmus_z1_86,2,0.840728362224191,43.9629794940805,2.1174657,0.6352398,-21.48,50.8223133993095,3.4629143768636,114.356845704251,38.3082237687605,116.688800423986,33.5888294214976,118.033103706348,10.3644819160905,5984529200.58775,2757847557.87454,157527986164.849,92888259386.04475,4301795987.12946,2115424463.6679363,115207661787.759,92864168068.78554,1.59720454930266
279,E-zmus_z1_97,1,0.977331529192195,49.9928830495914,2.8215117,0.8464536,-22.47,92.1124427272684,4.49730218425431,221.487368162512,75.9453757703072,235.649420337411,34.0851912074872,224.746932852609,18.8683041460351,14894636359.8261,6863887723.42217,111779422707.884,90474628751.05438,7676709146.41284,5403764028.346175,78272716963.5122,90313109690.49327,1.80750568821144
283,E-zmvvd_z1_12,2,0.805490042421546,68.9255418787845,1.7065506,0.5119652,-20.91,11.9513634771096,4.17580260783832,34.1161439980985,13.7400046097971,36.410431358035,16.1110313755454,39.6548282692907,11.398314828081,3540218841.05054,1631437253.94034,73895435498.6121,83216745186.62587,1257130609.56985,1168463506.4143915,54615266833.8663,83208541463.54205,2.52038717125002
287,E-zmvvd_z1_141,2,0.971498026791335,66.6488010618507,5.024217,1.5072652,-22.96,21.2154745433946,3.33340121428632,166.70849571416,14.0491583721926,121.815348514855,14.090753277261,72.9686348494265,9.3126950959064,23389978150.0483,10778791774.2158,36534402826.198,95401937022.1827,3465012288.78138,8081731433.482855,24864203411.5915,95059009066.06154,2.42148719770187
292,E-zmvvd_z1_160,2,0.966156081585526,46.3740797962728,5.1014123,1.5304238,-23.73,39.3137761697538,3.6140253932739,239.260560510605,22.3775063545449,188.179399920243,20.3401041559776,172.661136421766,28.1174255169707,47536806623.5279,21906362499.3216,43035136141.9732,115750502376.26025,6661562878.59457,17013851834.75532,27348551325.8486,114493264632.03687,4.25542942701878
298,E-zmvvd_z1_19,1,0.982660149858909,65.8150174807341,4.895118,1.4685354,-22.54,39.7837781345053,3.3520680427456,120.213305041273,11.6679472883396,117.683817942427,16.5964977156997,116.994169066073,15.9296420600839,15886584826.9011,7321006832.67332,41255642542.737,85933648741.64372,2997085485.51389,5451183256.632453,28765832373.852,85760577115.33206,2.92242228998258
301,E-zmvvd_z1_24,2,0.964414399292989,50.9512948367694,2.9115334,0.87346005,-22.33,46.2167965368476,3.54136022851283,146.833425676528,52.5825098489291,149.133065382412,11.7714651086816,196.293155896241,17.3133286737652,13092728075.2733,6033515242.06143,54075559112.6434,85782399714.5399,3304718865.82536,4524244253.715634,38173564095.3519,85663010189.45001,3.7859815919371
311,E-zmvvd_z1_57,2,0.863711502329882,36.1721066447943,3.434882,1.0304646,-21.76,24.1479355432025,3.95270178882816,153.45904259204,130.823678815344,83.1854106628505,50.2747594713833,28.57626680242,21.5707249328888,7745157732.42143,3569197111.71494,57846416015.6717,89601037115.01016,2007420094.37219,2612531645.702658,41984207459.6237,89562941725.27849,1.093207013307
312,E-zmvvd_z1_58,1,0.834728628833586,53.5997001259874,1.2108119,0.36324358,-21.78,45.5545349501576,3.57469650550667,124.707371677932,44.4731389868427,121.846923258112,36.5418066114937,117.039238787482,21.9874000159725,7889154293.72312,3635554974.06595,100197986234.849,97696077132.99362,3355103514.57903,2745214981.90325,72814197534.0373,97657499875.22194,1.66239942984318
314,E-zmvvd_z1_64,2,0.904534470760044,44.9421865051359,3.6227987,1.0868396,-22.41,43.4911410211725,2.81834078174174,185.307917038431,69.1826596869312,191.6187859755,19.5906733102548,164.603134437269,17.1433840305171,14093865349.6545,6494868824.72558,61889601226.1282,97054694245.16628,3631691483.2437,4902846451.691799,43802939656.3042,96930778247.64354,3.37954946242919
317,E-zmvvd_z1_73,1,0.890048200568837,62.6021434902172,4.6029487,1.3808848,-23.85,138.080691929401,4.49207522042219,303.864997469258,110.978794778194,290.9624088848,11.6756940734954,219.461365129504,23.7785981232807,53092153360.3389,24466430119.9718,51422840322.1607,136013033390.41911,7682366918.60386,19189284457.304676,32887573987.6367,134652577450.56316,1.11297319198288
318,E-zmvvd_z1_77,2,0.837461575294847,25.1491808073804,3.148276,0.94448286,-23.06,88.613778429427,3.66808328329281,196.556201982899,67.7429186583039,193.947294461042,14.0273174420303,194.894746080443,16.4801101922641,25646610095.84,11818714329.8802,46713432891.3187,123613829134.21823,3833740439.11677,8943980970.706327,32240370264.8135,123289837203.31268,1.44172505427253
319,E-zmvvd_z1_83,1,0.832684902443552,64.2409274850254,1.4549465,0.43648398,-20.23,30.8627599765995,3.7420528686254,75.4554975011862,27.6224652609195,71.3146783150341,23.1520158097787,66.0339407673905,15.6588856290653,1892474267.29787,872107957.280124,162993219269.12,71452858068.39133,1776036359.94987,638668245.2808825,121215926999.376,71450003701.98833,1.67847271816682
322,S-CFHIZELS-SM14-101338,2,0.811225582205604,39.5405833681764,1.0614821,0.4893191,-22.86,32.6917390969025,3.06661747694795,212.033476558804,72.6464457428294,204.162435600132,62.7476401330959,193.808285417813,44.2914164978199,21331943555.4679,9830388735.23866,67496126928.661,126447577725.07974,4625992404.43267,7535827703.361608,47270777837.7657,126222823662.62186,5.70972948865055
323,S-CFHIZELS-SM14-104965,1,0.807194468895849,49.8116138436711,2.9492457,1.3595351,-22.3,49.5647384928941,2.66613991379053,219.266555793671,82.035288184569,226.671505843389,29.2471666326169,211.517046705432,19.6971824915432,12735906827.1507,5869081487.16622,51736534454.8974,110681006368.49954,2385938388.99479,4338489621.7497835,37105711327.7463,110595943318.667,3.59629810808785
324,S-CFHIZELS-SM14-107086,1,0.806315500287334,63.5079138636994,3.730886,1.7198534,-22.94,35.8104668776841,2.42286585814772,105.584321792348,35.0180158600261,161.019435498381,5.75712788338071,182.08596570356,7.97638672384089,22963093588.1878,10582070777.9667,29541940694.8248,123678507250.16898,2121053026.48638,7747170145.824325,20617208773.1868,123435629015.13383,4.05944632857291
325,S-CFHIZELS-SM14-108670,2,0.809225091661695,55.8228095572869,1.0589384,0.48814648,-22.86,70.8744977234407,4.51226782627487,245.421296233688,92.6060362486444,244.077708599472,81.0047025321737,241.016518096114,58.4289463294149,21331943555.4679,9830388735.23866,40353993475.4929,123110494519.87201,2756367628.33181,7310335689.150505,28268891614.4069,122893257964.13475,3.22563197695816
327,S-CFHIZELS-SM14-111852,2,0.808622376332592,38.9911904457831,1.0580678,0.48774517,-22.2,28.6708330857597,2.83233559643874,134.417108518295,51.883109498901,136.827589522601,44.5908291394819,142.328201458198,29.0540423563327,11615301383.4225,5352673448.5818,53713395747.6536,108214165788.66724,2314478835.58598,3951174578.4323587,38645802189.5245,108142008011.63213,4.33253356018419
328,S-CFHIZELS-SM14-117442,2,0.807887161312526,25.8286905120437,2.0932713,0.9649504,-22.08,26.4586009746342,2.330602869249,163.017542411863,51.2363282851873,169.705315453172,59.8427862603575,179.240372482266,29.2837200242025,10399923544.0735,4792591494.96475,50998040809.7864,105180181435.2695,2016279185.47934,3511079126.5243034,36828392198.7271,105121562441.41112,6.59752672938682
330,S-CFHIZELS-SM14-118544,1,0.804719591418289,61.8612943513023,2.9401493,1.3553419,-21.76,65.8247593634604,2.88328506713768,134.791039886993,43.1580403376002,140.334691644849,9.35849195599833,134.249318327628,10.0998716764034,7745157732.42143,3569197111.71494,76368406414.1082,100872492385.2746,2391654182.85954,2645203224.9607363,55621618218.984,100837803525.84015,1.17064484910486
331,S-CFHIZELS-SM14-138499,1,0.821986949852993,59.5380868080326,2.1297607,0.98177123,-22.12,87.8441452611008,5.49275718441617,208.515413203729,84.0642299130559,201.304508056675,65.1284765562994,180.00345174987,20.5823746289167,10790225303.8925,4972454057.09332,110980372226.826,108375910050.77213,4626002919.18593,3822483012.2028756,79965691208.7519,108308478444.46191,1.50297385359641
332,S-CFHIZELS-SM14-139428,2,0.807658416279076,72.9889446065206,3.7371938,1.7227613,-21.02,22.2118974917321,4.68682625695619,254.550697572064,81.1329805087384,253.952982512171,27.8862787971905,237.042141173533,22.6030723244317,3917692578.25506,1805388284.91017,113037906158.272,87105737412.8606,2090509772.48238,1331568895.24431,83419095026.9092,87095559097.55353,10.4981575791442
333,S-CFHIZELS-SM14-145965,1,0.819211656706864,60.8642082661409,4.7825093,2.869506,-22.12,66.8306561644733,2.91158214841169,189.017093686348,15.0390732539823,204.804221449515,10.3037861385165,200.518934301476,10.7197301008644,10790225303.8925,4972454057.09332,69311677343.1968,105928091835.69032,2875227908.19842,3717422770.4837165,49952217620.2995,105862842432.53595,2.89730807854812
334,S-CFHIZELS-SM14-148830,2,0.813597441853921,41.8173038031045,2.1080093,0.9717443,-22.25,63.0089022267509,2.36452847227022,128.984486999565,40.522288714704,148.155383873,9.74182302661233,155.653973170686,13.7316433021044,12162705134.4898,5604933241.70037,70033515066.5582,110178235386.90192,3153079897.6447,4211596143.548373,50286041480.3861,110097711197.35057,2.16413996941487
336,S-CFHIZELS-SM14-159913,1,0.817644399892333,53,2.9499652,1.7699791,-20.58,28.6619953758179,2.74681149642026,124.338567874893,55.2816112676504,128.009162584917,20.4005873363017,135.58166208748,12.6072779764568,2612342630.12998,1203844530.01382,146718711453.067,78805746168.14873,2007850958.02447,887142233.15664,108805158266.949,78800752583.8227,4.4540987175654
337,S-CFHIZELS-SM14-164290,2,0.816475811844697,36.7646393909787,2.7790155,0,-22.02,44.9386269562085,3.67564471961425,110.782852328464,39.9002999142988,98.3147372886329,11.2704281102007,59.822403714999,9.05873117982606,9840798965.20449,4534930398.71175,65342077506.7296,103735379654.19952,2513428545.51867,3365422521.031095,47239585685.121,103680774125.46576,1.03699207466689
338,S-CFHIZELS-SM14-172833,2,0.804706513344823,54.7054100973362,5.205981,3.1235888,-21.34,54.0914465647094,4.40283250859798,335.2331765653,21.635698122437,264.76505101369,27.3033845134237,265.427853848867,29.5823873675677,5260538867.07597,2424211459.48201,55623734859.0781,90181012448.24583,1289050290.6669,1735641042.582087,40853146292.0385,90164308661.2545,4.88300862288872
341,S-CFHIZELS-SM14-195038,2,0.809220421806615,64.106874943933,1.0588971,0.48812744,-21.24,22.9096561358021,2.92171611408066,163.230856109504,64.7645074249555,162.656501438167,54.6917618887062,161.347674320747,34.2017866281642,4797666775.39756,2210906348.10947,58719297423.0303,87777938682.64215,1276464075.94396,1582413876.862306,43190100260.9671,87763674066.75725,6.90298859048331
345,S-CFHIZELS-SM14-216212,2,0.811673943596318,53,2.7626717,0,-20.34,21.1074205562088,3.60740285762115,37.421337119408,15.6373698619424,71.652439616011,10.7755974955592,76.774896027786,12.0025206360197,2094258215.21572,965095951.712313,125658432484.623,74803591686.4,1428698713.24927,697993190.8690507,93405814865.6942,74800335124.19012,1.51882879332755
346,S-CFHIZELS-SM14-228100,1,0.816892455225771,53,2.1381419,1.2828851,-20.26,39.3631742662518,3.20002882235171,94.2861806162,34.0014919264288,101.682001483385,10.4840202668065,112.366125990101,10.1719335192062,1945495621.74572,896541761.173143,167211019620.647,74047568564.75452,1810400079.91406,657602790.0679603,124361368075.739,74044648482.67238,1.00333816558598
358,S-CFHIZELS-SM14-85179,2,0.81539152484322,34.4712303109934,1.0667754,0.49175918,-22.43,46.4069722615907,1.93278466863691,220.884904710372,62.7007717653784,218.395023185237,52.6510848398026,215.111676944167,32.4514170121509,14355895926.1661,6615620242.47286,71895791475.5993,114494398300.11884,3683942602.94518,5012486620.070248,51287104415.5294,114384624054.06537,3.53425350030868
359,S-CFHIZELS-SM14-85797,2,0.818791327215221,42.9276450366583,1.0714458,0.4939121,-23.4,39.5559982287646,1.93585666099684,196.187825026209,75.8216540964368,192.941280145307,62.8277458893944,188.666659743778,39.7681296718013,35077613000.341,16164798617.6687,44085883964.6478,137320569406.98405,4406549768.23558,12323850369.15705,29834085861.9641,136766448715.81975,4.75932371075187
363,S-CFHT-NBJ-2048,1,0.815117006390714,53,2.6084435,1.5650661,-19.87,18.4501851136903,3.45461788121357,124.838321522903,44.544435638253,110.102232280243,15.8299262752898,95.6089904651212,10.4452345388479,1358408841.45771,625994857.814613,139256510888.191,67366014616.49636,1130606790.91423,447404426.21103215,103854063231.035,67364528904.976456,2.34334063820776
364,S-CFHT-NBJ-956,2,0.808736768238226,64.3962937959766,3.7420652,1.7250068,-21.68,28.5313463400556,1.83773252179833,78.1086032561739,7.93383894046625,126.296158686746,8.91508544138663,162.994914082809,11.3711090560707,7194991691.41558,3315664373.92423,52220373897.8764,96219905867.16963,1555592751.34318,2396362312.3554616,38093820410.9272,96190060467.57071,5.04868520909627
367,S-NBJ-CFHT-1713,2,0.761876154587984,69.3174613920139,2.7834086,1.283088,-22.07,40.7204741147275,3.25928837937161,126.787678080823,46.6710672296656,159.175937914794,18.6530960440214,206.383215795066,10.1046401686954,10304574298.2096,4748651750.32701,50478015343.9322,113859497817.67314,1825876987.08472,3465533721.864326,36580555155.5244,113806745491.27278,4.42295289720566
371,S-NBJ-CFHT-1739,2,0.803848965861688,40.6103801253445,2.082567,0.960016,-23.12,25.5408985645908,2.35305022270805,183.690704624123,53.7897561185647,175.539049265501,6.20444158313305,189.182667513601,13.9511363782822,27103820905.7648,12490240048.7395,51007566984.3099,133530716323.13223,4122374790.88412,9502176496.428835,35252024205.5833,133192195130.19345,7.15093334413958
373,S-NBJ-CFHT-1745,1,0.817216931756771,49.861721852877,2.1171663,0.9759654,-21.28,68.1786345681611,2.45054802092685,160.198601161413,50.0281780217538,176.443649499351,7.20918054194513,216.670556656015,6.49757297554487,4977719809.20375,2293880096.40726,103185780026.971,90274302581.48921,2341766700.53247,1700642830.0813537,75822566410.856,90258282282.23027,2.40871709780914
374,S-NBJ-CFHT-1759,2,0.803153783509892,27.0985139121146,3.1302242,1.8781346,-22.88,32.1975691210881,2.97009494508818,306.016035861871,99.356435459055,323.577946800426,22.1069186590836,339.176508036997,21.2493861393749,21728504991.9023,10013135940.9688,76854292930.5028,129816222728.7127,5267354974.22564,7736556390.578337,53824765380.6595,129585482901.31169,10.4590659002146
375,S-NBJ-CFHT-1770,1,0.772521048986929,62.1950304836486,2.0013447,0.9225744,-21.38,51.0453482611391,2.91752886295179,126.298748929521,56.5450863873593,145.442612082852,46.4631663161181,149.832784422979,13.2474326061111,5457953574.25342,2515185978.91863,108747332934.402,100228091105.87427,2447567021.8034,1872183909.0740626,79924636024.5105,100210604100.25497,2.22903373986687
376,S-NBJ-CFHT-1774,1,0.812180396215924,53,2.7643955,0,-21.46,16.4145689061045,3.50716669004997,146.656515083517,59.0075372458237,138.942987621119,22.7610916198324,125.781570146164,16.7161440216482,5875296753.88813,2707510024.83324,107604728195.071,95029378826.31218,2754759282.676,2025382813.94659,78834563092.0263,95007792651.82262,7.28618517480839
377,S-NBJ-CFHT-1787,1,0.813092849825738,66.0975232513393,3.762009,1.7342005,-22.69,30.2834088462468,1.83864369727138,159.26497948426,5.03277395444642,189.414363921706,9.81803527148174,183.557103842058,14.3981715872799,18240233531.1293,8405637571.94899,49923248955.1265,119217364544.7122,3053050896.8687,6292215286.154833,35240750419.7427,119051199220.24928,5.97098723732121
380,S-NBJ-CFHT-1793,2,0.815569883994844,74.2958439204243,4.528201,2.0873976,-21.72,45.8043919751877,3.76360955754229,139.946829550136,50.2736570806607,153.336985266692,14.166661152048,166.568300031495,11.935117752001,7465001516.2255,3440092864.62005,71968027430.3471,97749513391.04468,2232779630.43333,2538599281.725255,52432517142.7923,97716543542.39536,2.03155190992181
381,S-NBJ-CFHT-1795,2,0.80894638625275,34.3139277296183,7.21296,4.327776,-21.4,36.7274994291058,2.84579725562905,103.060023786322,11.0422196252807,104.335361354734,12.2339462790103,104.335361354734,12.2339462790103,5559426852.60215,2561947858.342,78142254225.8495,92545397605.02821,1905119266.31482,1876090197.438811,57321154104.9133,92526379500.35567,2.54030362671689
385,S-NBJ-CFHT-C343,2,0.809067505681362,67.8152668109199,2.0962715,0.96633345,-22.11,44.0780659209949,1.63492719627588,109.336325915013,36.9666228086896,132.994533097231,10.415684901231,162.599109722232,10.9963126804164,10691297668.4087,4926865284.98097,44362577371.8664,104801621578.47113,1795263196.06351,3584249942.702423,32005499380.3029,104740312381.74394,3.14952527576249
387,S-zvipe_z1_1055,2,0.968142355918616,42.7721305899825,2.4854577,1.4912746,-21.67,44.3537054024535,3.37725049314316,174.530820933372,59.3189723780994,168.290999681899,40.9862050732537,141.481571045447,8.10676423088141,7129026107.25854,3285265487.21592,98541320933.0231,76275409768.5612,3815114495.02265,2491281200.575542,71222711607.5192,76234714227.45403,1.94850576053937
388,S-zvipe_z1_1056,1,0.840075939912878,69.0720567919573,3.0692112,1.4148365,-22.72,57.5851891321296,3.64423526963769,145.691723116005,48.2536594048922,162.776630684558,11.7365361489079,163.427932051714,13.7146041373003,18751236277.1562,8641122708.36691,47074917916.3133,114120850401.38011,3076425986.98266,6464105117.131239,33081572879.196,113937631366.32628,2.44951563265283
389,S-zvipe_z1_1058,2,0.836124449563897,35.7546449131806,1.0939982,0.5043083,-22.67,34.0468263079082,2.78046655245505,163.94888346941,59.1521794748852,164.147602276527,49.449631869463,164.572175706017,29.7766797888228,17907304194.4687,8252213914.50171,60511868524.1575,115320568891.71066,3795232603.55656,6252130805.610295,42644087158.3466,115150963825.30771,4.04755961535652
393,S-zvipe_z1_1064,2,0.8004393924149,45.1105558130923,1.047302,0.48278236,-21.92,30.0772805418603,3.8853919624905,271.395924326702,100.772748529651,261.240656436273,83.3318937475472,237.580976177216,50.555027849327,8974912158.56582,4135904220.53724,58397888305.2693,103669360117.06439,2034226140.14414,3034567844.697363,42378693357.237,103624937274.1789,7.62943929979218
395,S-zvipe_z1_1066,1,0.974059760198326,48.5296400752217,1.2744509,0.5874928,-22.37,70.7189542267667,2.81070633174949,201.461036835871,74.4589258838384,224.355872310317,65.5683103794981,262.295272827358,41.2982173911303,13584088880.6634,6259948792.93244,72186087146.5409,86685219103.94861,4604361916.27602,4784705316.809699,50813327240.8007,86553069305.08513,2.59627069048734
397,S-zvipe_z1_1069,1,0.815069607874968,52.8086511892642,2.111762,0.97347414,-22.8,36.0658984138784,1.77728942923799,134.006883967058,41.3952947285473,181.843252401568,14.0257987628078,187.632008665773,21.2496326524252,20185052168.6848,9301867358.84092,43617355849.9956,120788153972.56711,2887434265.82149,6936463771.730677,30624001191.1083,120588820420.65112,5.064928216778
398,S-zvipe_z1_1070,2,0.799530419000244,33.5099772895836,5.798157,3.4788947,-21.61,60.0830527036233,3.6112191418539,220.494215442154,12.728806606824,256.756609120296,23.303624853336,260.936372351746,28.1660499983605,6745752739.6155,3108641815.49101,77670303241.3574,98559038750.63556,2164980692.00282,2292387112.3893356,56770919210.041,98532375799.91783,4.09130343647096
407,S-zvipe_z1_1168,2,0.899175769690253,53,2.29,1.3740001,-19.85,20.41040474813,2.37851790199334,58.114098571965,23.2849580637075,77.1621039282138,25.4621148852889,97.8724725760556,10.1583890092205,1333614523.24196,614568904.719797,111495861540.419,57347634520.716064,1034490493.57231,435764240.4839678,83053662441.2381,57345978888.22145,2.65616752307145
409,S-zvipe_z1_1172,2,0.80835085229105,37.6457925317345,3.7403374,1.7242104,-22.1,35.3394588437151,3.00129001338349,124.69069921294,41.9474610591486,102.930716825885,7.19063003523749,94.8989438908076,8.13641544640445,10593277027.6157,4881694482.77221,55069147468.5815,106040755797.51295,2210057782.76757,3595336455.1120234,39743676455.4992,105979787912.04633,1.37451230543786
411,S-zvipe_z1_1282,2,0.81546709697187,43.4141894428865,2.7290645,1.6374388,-22.75,62.3588881533774,3.42027451209919,203.574231328673,72.4613045792351,279.283449673724,36.3353230159686,259.161870844201,27.5328491333697,19276588701.8452,8883220599.92866,37685351021.9513,118345299255.43427,2411906505.05287,6555846358.580149,26521386854.8108,118163576174.64436,3.90618516588463
414,S-zvipe_z1_1304,2,0.973408140737678,32.5916525299761,1.2737037,0.58714837,-23.23,39.7934278352445,1.91646147599666,275.227210289529,78.8896146511071,274.71828948793,63.7982030818343,274.37232320225,7.55951711138745,29993697066.4257,13821980214.9427,60272397017.025,104096216639.65553,6851389910.84703,10774452266.906073,40166170756.5248,103537111689.66547,1.80959087642717
415,S-zvipe_z1_1306,2,0.821404557317455,53.9641047277487,3.0010967,1.3834373,-21.66,28.5259485606673,2.31534012359409,49.8828519717544,45.2872795923113,92.7477598109061,55.0742513405776,72.4210467127808,42.9983439522842,7063665312.99978,3255145305.52985,46974312404.63,93109081631.72075,1410622956.67761,2338189293.6547327,34258413118.7612,93079718269.49992,1.31552798315377
417,S-zvipe_z1_1315,1,0.819721297233708,65.9903921510962,2.99501,1.3806314,-22.26,36.5352889190457,3.16150797025656,201.615300725851,79.9315651681127,190.206504865104,25.8630575756434,186.668927638426,17.2928138437502,12275247848.8879,5656796243.72714,54162457974.2923,107607386551.44312,2481954632.0665,4189982941.184218,38857521309.9442,107525781482.32306,5.05780591049965
419,S-zvipe_z1_1318,2,0.924631081743153,49.1220574907981,3.1471405,0,-22.39,59.9411220647442,3.52053244930398,186.443818182658,67.6516357059953,204.289694094505,17.0378078942324,193.510561997025,9.96484253652693,13836617478.6864,6376321418.74949,44066814687.4778,91622186896.54872,2634719402.15522,4721210047.818847,31151951342.3478,91500466159.41624,2.18921969991526
420,S-zvipe_z1_1320,2,0.924574821709752,53,6.1699443,3.7019665,-22.46,27.2818266280776,3.28851591023723,115.204006528732,14.3177334159694,129.940215982388,12.2953990295664,129.940215982388,12.2953990295664,14758078399.7308,6800957787.89438,46637906827.6351,93380714108.40431,2926510968.93677,5065302040.168254,32865711171.9536,93243232905.32889,3.56812618623621
421,S-zvipe_z1_1322,2,0.841009956245498,27.7585804241905,2.5947118,1.5568272,-22.86,20.2597888309692,2.31686377360009,67.9439079975752,26.3371193823612,84.6514553588132,8.03864764064474,67.717401284395,7.80681740119027,21331943555.4679,9830388735.23866,49748937353.2684,117931033523.87872,3584617539.82775,7415437325.185667,34710014897.3238,117697663346.75659,1.77215430836184
426,S-zvipe_z1_1530,1,0.818540738003603,52.0453243588965,2.990567,1.3785833,-22.09,29.5242839531424,2.34471175752839,89.0796343653748,30.7974983156762,95.5889444277792,8.20627858047036,83.5403243349938,7.53478645645513,10496155065.9465,4836937818.40853,61871236491.3732,104646006201.87006,2509812651.99944,3587870723.5300093,44632649503.2886,104584481629.31757,1.23527851782733
427,S-zvipe_z1_1531,2,0.927871857484921,44.9947300282332,1.214008,0.55963004,-24.46,53.2613817156836,3.84580989905375,341.5206952688,99.0794365075905,339.537192534675,81.0316688374463,335.998530836299,45.6981987746983,93117182123.2154,42911143835.5831,37532199210.3041,145441706143.88943,8525303438.58227,33738000137.909126,21809696068.9638,141474510894.1534,1.89864674820427
428,S-zvipe_z1_1532,2,0.862062274451339,53,2.934177,0,-21.46,25.1065896468141,2.78293683293986,179.03238413639,58.8976597077453,137.108597960346,16.137138426696,127.492538064248,12.6719847237559,5875296753.88813,2707510024.83324,89708494499.4857,86252000260.95096,2505884135.91553,2010551480.0854037,65565872453.8122,86228563897.12756,4.20875637854432
431,S-zvipe_z1_1538,1,0.85539311491924,53,2.8297935,1.6978761,-21.77,14.1314493390949,2.30469419024723,170.063043843784,64.2161157327829,169.429395113962,19.0589709648819,173.049979594386,12.9403676258103,7816824443.48696,3602223245.84653,60035372262.6692,91282655292.47186,2068564495.84512,2641973837.989454,43584065990.0933,91244414248.126,12.1731738460986
433,S-zvipe_z1_1540,2,0.853700713099907,59.7562963901317,2.2117953,1.0195873,-21.84,47.5695242679703,4.02293585375311,165.681874537808,58.3529317871235,170.34017952398,49.4720536576273,191.242962819247,14.304769040122,8337392296.31899,3842116265.58479,61201815133.3962,93088516774.24448,2209907798.91091,2828198183.2492843,44354817544.7258,93045543957.05934,3.08927353361617
435,S-zvipe_z1_1542,1,0.81554447116842,56.9149023316185,2.112905,0.9740011,-23.55,65.0811751374729,3.44218824343324,172.102900729133,54.8262067935624,182.460147584953,49.0245454351022,185.561911219038,16.2192939258788,40274474332.4172,18559665590.9757,47769426324.0636,143521586711.8344,5243563919.51733,14287639374.53664,31974332634.9972,142808645443.4247,1.92003751488298
436,S-zvipe_z1_1543,2,0.84299241666248,40.7966736832859,2.1840549,1.0067996,-23.28,88.3300433157275,2.71009328478983,210.463639941957,62.8576898447959,231.929133563745,9.89299063916444,191.696499386575,11.5952864928113,31407289585.9138,14473405339.1308,52668672142.3779,129537803973.36336,5055940621.32538,11119924798.943611,35799046256.4305,129059637109.00224,1.09217003270741
439,S-zvipe_z1_1571,2,0.844863190893173,35.6683456567246,1.105485,0.5096034,-23.93,56.5103233008154,2.61649500407708,175.151092785152,61.4540872648529,175.145168304544,52.5902410823506,175.132755523762,34.8542669150843,57151852255.8334,26337259104.0707,53326761123.6137,149773496991.37,7826178422.9183,20701961731.716553,34210964436.6131,148335866133.18594,2.7814233337808
443,S-zvipe_z1_1575,2,0.993940045810605,35.4968265313316,1.3005438,0.59952104,-23.24,40.4100372077068,2.15985685836126,222.746816322676,63.1907104262332,224.45909829451,52.7074337301907,227.215065091569,31.0386621255483,30271231713.9705,13949876365.885,49421622151.9628,99833169112.04509,5828049637.31249,10766335804.180548,32777122191.4664,99250932833.4289,1.43780279478856
445,S-zvipe_z1_1577,1,0.842758326965257,55.7364722880395,2.1835556,1.0065694,-22.42,32.6238228523458,2.3661482600845,75.2685868350651,27.9286088944804,62.145079193565,20.6340971795477,102.246179191108,10.9460215842748,14224277280.6578,6554966488.7824,51531684513.5831,106824223391.49538,2747727407.28066,4876922385.618689,36679666997.2199,106712840517.15968,2.49036916588126
448,S-zvipe_z1_1580,2,0.842900446843856,38.1033351153307,2.4587634,1.4752581,-22.4,14.195536435961,2.853226404961,191.512709228002,69.0121926599914,186.498014493001,18.665749224188,179.905345023352,15.5533119851375,13964649069.6788,6435322151.92572,57556647798.901,107017829269.80904,3027180095.10721,4815656922.147819,40999599777.2886,106909425356.3743,12.5191034654788
454,S-zvipe_z1_1991,2,0.823963682151799,33.4779027634698,3.542403,2.125442,-22.94,69.8541248942688,3.70650512562652,192.077622532181,61.6522383707991,201.820485260881,16.0165542005281,196.416999230847,16.46078510905,22963093588.1878,10582070777.9667,72219875349.644,126391637413.68883,5341807586.7223,8174199757.077732,50284261475.881,126127033051.77989,2.20822603448741
459,S-zvipe_z1_2064,1,0.874803565228535,63.7480881215271,2.2665305,1.044819,-23.51,61.7050166053046,3.55606188391604,178.329230555195,54.0606276913645,194.145713390798,49.5045018937567,191.602927227878,12.4545574168891,38817742711.5098,17888360696.5483,63082801345.4768,130635067209.59885,7410450589.30684,14027460838.051954,41858910342.9849,129879756418.36308,2.65680422294192
460,S-zvipe_z1_2065,1,0.87338168649104,74.9710965629575,4.849398,2.2354622,-22.51,10.8900352708259,3.36036384323332,98.3224136083456,6.67331520939705,95.8591598785028,7.05317760357944,92.5029698936699,8.63470784403905,15453621506.0599,7121484565.00456,44566720957.5914,102556113921.95644,2662994943.57688,5281231380.842199,31506560912.7929,102420042461.79219,1.81064610991885
466,S-zvipe_z1_2310,1,0.841793850880652,46.6370924676803,1.1015157,0.50777364,-22.92,38.1481020396483,3.66260443461192,206.699028413391,81.8623807807172,206.312481218552,71.7367214777554,205.492692061552,51.6313189223822,22543960384.4959,10388921836.1732,33223351266.9151,116557555069.9663,2497206172.819,7669676353.587184,23102364732.4031,116304942751.88588,5.30910827831982
474,S-zvipe_z1_2323,2,0.895426648224957,45.3007740040862,3.2715826,1.5081251,-22.35,18.6221523902556,2.25526717129283,116.708712006293,37.683443472437,100.606388506003,7.67193555989224,98.6785271732499,6.69799616170112,13336145689.9987,6145689258.06392,51858330692.0333,96224491049.09604,2875591336.97762,4578361866.452657,36829127334.6284,96115510092.16658,2.30260365572341
482,S-zvipe_z1_2595,2,0.800958446714053,32.3969454901412,1.0481114,0.48315552,-22.65,45.9521208725119,2.46885017344326,261.890245111342,95.1706118922696,263.641673822038,79.4431097276639,267.716258046248,46.5460052893049,17580451640.9271,8101590617.93876,41466598686.2828,119400240916.10378,2415705406.86949,5985554091.028695,29361573894.2957,119250118125.9247,4.65882952838663
483,S-zvipe_z1_2597,2,0.914207163920157,53,5.341929,3.2051578,-21.24,47.361442060869,2.77412038850969,164.07075949569,14.8359988982087,165.311928379086,12.2206444556108,182.678826088097,11.9841222778778,4797666775.39756,2210906348.10947,147140250233.219,77479907184.0152,3835955449.11618,1682416707.9870622,107747590063.235,77461638836.68028,3.76513028828008
487,S-zvipe_z1_2602,2,0.927589740903468,35.3645853016448,3.1572108,0,-23.65,45.1183278220732,3.46698676120865,174.530312339405,67.5454717915307,173.075104551188,18.2317311819808,165.461922710235,13.3120974728946,44160098542.7293,20350275826.1425,51107391555.3079,122096687317.97707,7115023781.15546,15886482326.513145,33076968251.2424,121058749098.58125,2.29490230378904
488,S-zvipe_z1_2603,2,0.819440993984867,54.7800602350293,2.123207,0.97875017,-21.43,38.3465337329418,2.83798367857395,169.272884887757,66.7616709081532,166.892384678377,47.8959169276745,155.088441105144,14.1079572293088,5715185029.48853,2633725820.0408,71890508150.6753,91019840308.39307,1824540348.56712,1922728832.5945547,52681178798.5776,90999529908.68517,3.88798639276438
495,S-zvipe_z1_2612,2,0.961952947633202,27.687779137454,1.258795,0.58027583,-23.08,29.4601565830427,2.70015818086275,114.013593237938,45.893904971529,102.267510546903,35.785156648731,82.4488213916862,20.1027189548136,26123427197.6257,12038445713.1916,38712857826.3533,99854198179.20763,3919410187.85584,9088988227.902107,26160486946.2387,99439686177.12714,1.32580443462491
500,S-zvipe_z1_2740,1,0.824578614107272,46.6940944895392,1.2762972,0.76577836,-22.55,54.1136192173284,2.8820411032578,196.774982402501,82.5831738393367,176.872788066485,62.9288988449673,146.718517353053,33.3853189268532,16033556801.9559,7388735853.4359,67097569147.0524,115251241899.711,3797447266.01387,5603397876.098493,47594076602.2846,115114945561.6769,2.42780472220846
506,S-zvipe_z1_3488,2,0.969577476296718,41.2947209299713,1.2687074,0.5848452,-22.89,45.6156834125809,3.02855740505309,165.433285339604,61.5681254397409,160.936041471899,51.4972577054665,153.43448316557,33.1526757808845,21929560999.1444,10105788478.8684,48070544172.4052,95737402646.33487,4337973330.09486,7680578801.932789,32881632212.2634,95428816270.21132,3.1026869702373
510,S-zvipe_z1_3500,2,0.82121820827554,53,1.2165413,0.7299248,-21.44,33.9382515749513,3.47529720834985,99.9751430947653,35.7196864633493,92.8469306290922,29.0487057730913,81.098903784454,18.1828191220705,5768068202.21979,2658095945.72341,58190972669.3078,89815998528.20175,1492174118.4552,1917489073.3088133,42630675602.1448,89795527880.13266,1.36556140704795
511,S-zvipe_z1_3506,2,0.961209712961153,38.204085057148,2.4905024,1.1480649,-22.95,18.2606451285102,3.25285126145611,285.238188734214,85.1459064140771,265.531579372745,59.6657339249688,264.071953267986,18.4393912585096,23175573365.9032,10679987726.2227,27708040913.8949,95205237652.23718,2569886202.4288,7870184196.725779,18900868204.1098,94879383836.15573,14.4311555874679
512,S-zvipe_z1_3507,2,0.82210764538103,39.6405744339696,1.0757594,0.4959006,-23.24,11.5603019118707,2.87392805439241,127.054119675786,48.0678877392617,137.952943678059,43.1537209169085,162.011217937607,30.1280582067805,30271231713.9705,13949876365.885,25656384483.5848,127586466638.45827,2317526780.43453,10246539761.990908,17548013310.6393,127174348404.82715,13.919672036799
519,S-zvipe_z1_817,2,0.910927808482778,53,3.5207057,2.1124234,-20.66,19.4766517406513,2.64191160433205,140.963593596197,6.98274802340784,123.306770901646,11.2448286157381,103.158363961606,7.60809728834168,2812095772.90068,1295896669.53948,83052436037.0706,66203323591.98959,1417211264.3174,932451511.5428739,61379868250.1903,66196756633.57161,5.26862026125196
520,S-zvipe_z1_819,2,0.920533460574342,53,3.301965,1.981179,-19.94,28.6667228299447,3.32397722486511,94.4739119918876,35.2835083242405,83.3492876356093,12.6849384353768,119.594590060256,13.8404684703997,1448873195.49023,667683500.225912,128566722745.401,56953313507.69457,1321251897.88492,479821183.22313976,95673286351.516,56951292269.25299,4.06376593880052
522,S-zvipe_z1_827,2,0.823708266625296,33.6910759553766,1.0777942,0.49683854,-21.48,24.4772463419693,2.83038635824661,137.614476382588,42.6992022128263,141.368593946531,38.1385793201001,149.626609825328,28.2794959331828,5984529200.58775,2757847557.87454,72498176120.087,91400392913.88928,1921604690.94851,2018729570.8429897,53065091300.1041,91378096695.72433,5.49913336564502
528,S-zvvd_z1_186,1,0.82246993800909,63.4407191956815,3.8056493,1.7543176,-23.85,33.3846604960665,2.82140907524837,198.055831771002,58.3001043661326,193.056345123367,7.99643115850753,189.50291863941,12.8069552792761,53092153360.3389,24466430119.9718,29241948170.2168,147490054519.8305,3940691109.68308,18492046177.008827,19023501549.2735,146326212314.9846,3.52888649377733
530,S-zvvd_z1_206,1,0.807419542626825,67.4843615166447,5.2066064,2.400127,-23.2,73.8606243903103,4.01132665558127,166.124127753612,11.8872412692278,167.698563687529,16.1629373506809,169.868032240417,17.1028123539985,29176318343.3431,13445307992.324,34107756832.7985,131929210516.21225,2927059922.27885,10019893735.264832,23444133015.4283,131548159686.7286,1.44472106593779
534,S-zvvd_z1_450,1,0.840096996029634,65.559891782901,6.1531253,2.8364508,-22.94,26.0400524760078,2.36861777915053,99.3586947910943,58.5413690449036,50.1392565930506,31.5341245319338,60.9547455175939,37.2285052157015,22963093588.1878,10582070777.9667,35382591564.1572,117857384381.61978,2688412514.3439,7846036176.308241,24582089511.1378,117595930072.41763,2.33709206446768
535,S-zvvd_z1_458,2,0.924319351282905,40.4452038581238,1.2093868,0.55749977,-24.16,13.9766106667084,2.6413571463441,250.746655484801,88.5731558043001,246.732534694466,75.2097214511712,239.527188031614,49.7741503459674,70636655553.6256,32551454172.1777,18919005794.9338,130476535813.66989,3589899665.72546,24357238895.006836,11525643706.1717,128182882286.7837,17.0720789226571
536,S-zvvd_z1_475,1,0.901271986818569,45.2064969726342,3.2928438,1.517926,-23.84,34.4517934333177,2.65489130009492,103.812846792786,35.0043887931017,96.237746438607,8.36153552146552,86.1034490020519,9.88186550948522,52605390475.7134,24242115426.596,40705069661.2338,131393155856.83382,6144396172.51823,18759876469.27746,25985468788.5079,130047023960.08789,2.26163181521084
537,S-zvvd_z1_476,2,0.819011415403701,38.7313213360183,1.0716197,0.4939923,-23.18,53.683904975077,2.49239924142272,281.984281393411,100.810660811892,275.863014488435,84.8241809489512,262.248842596313,54.4018713336611,28643778433.9351,13199897895.8226,60571492281.21,133124470238.89658,5228428073.008,10174806336.161116,41611326472.3323,132735066551.41464,4.40500871908809
539,S-zvvd_z1_503,2,0.991856585378266,42.2607690242647,3.3759542,0,-21.68,27.3836708507207,3.39280855531514,86.9045136258719,36.5580777709595,100.571262141096,15.8812297271569,92.9826099731404,11.2588765130987,7194991691.41558,3315664373.92423,54754362497.4287,71114033287.99832,2217515433.74727,2434086184.2384243,39501388769.6852,71072364213.76619,2.84102373232377
542,S-zvvd_z1_888,1,0.832809406604093,53,2.8346097,0,-20.67,30.27852267645,2.87268255210601,102.597975461801,36.3173816770824,113.208640715989,9.81536445865966,114.510927281377,9.05107030460065,2838116373.41105,1307887729.68251,89593409727.8402,76067951237.63393,1344764098.87317,940457395.2117112,66352365134.5617,76062137396.86024,1.79936720348086
553,U-HiZ_z1_114,2,0.832713051985121,52.6199016008322,2.1673918,0,-22.37,60.6038852456935,2.81533623000951,180.71230216259,68.5835723012637,156.348348862292,43.7356202119936,166.104548979964,12.7770714882138,13584088880.6634,6259948792.93244,75375453030.6711,109923847528.00789,3815346129.69297,4750960446.26822,53804591654.8708,109821130162.63637,1.26700654805463
556,U-HiZ_z1_123,2,0.838422724156614,48.5217394361748,2.2725632,1.363538,-22.61,28.5704316243703,3.69541416405675,243.094103401656,84.7214341395337,218.570756047526,64.6283423812005,180.51969290224,21.0319500019255,16944565009.514,7808555303.9235,47994956281.7396,111804948426.678,2899064404.67584,5824041033.584606,33906685621.8524,111653155077.37007,5.83973564394427
560,U-HiZ_z1_132,2,0.841548602708507,30.1531394306227,2.4271846,0.94784594,-22.93,27.8370163189679,2.4011241839832,131.093704104998,41.068161258337,145.934383784524,6.36859775537452,126.848086544072,8.07108732351098,22752561881.1943,10485051558.1541,40781971828.1615,118285020628.24509,3085044931.02451,7837227657.175171,28343554057.9977,118025098888.64307,4.19428462679033
563,U-HiZ_z1_139,1,0.841690919495188,59.1169711417439,1.8334421,0.715982,-22.12,61.5979654897826,2.86707565976524,126.91250871904,40.6405159869636,156.553728537793,40.5676279664225,166.710801537417,9.88922008005583,10790225303.8925,4972454057.09332,77726488182.7035,102564190833.0394,3351899899.89451,3748043225.0510726,55920743069.7812,102495684851.7013,1.31386437864958
567,U-HiZ_z1_148,2,0.839186315834297,38.76937756806,1.1460167,0.44753385,-22.01,31.0472183479502,3.53268999468245,142.147515747114,47.435376238739,136.445034062509,39.7891531434376,125.603222235657,26.2043504499171,9750575921.15481,4493352959.05752,74334851829.7308,100256200031.49063,2953262938.83819,3363683429.023514,53670367587.1373,100199756878.665,3.59714531090147
570,U-HiZ_z1_201,1,0.841968692708692,61.5166139220876,1.8338987,0.7161603,-19.35,39.8425076181737,3.009967225694,114.71039647272,45.2272970521996,134.776016262961,44.0413064777851,139.967525771545,15.8342871536973,841453872.37071,387766761.461157,241093771358.395,59138637585.801636,1403887005.0678,281048584.5162257,180217958160.396,59137969758.843864,2.85161302996444
572,U-HiZ_z1_204,2,0.839484701952211,56.2311952535185,1.8285182,0.7140592,-22.15,79.9742170768468,3.50335521252381,202.27607725121,76.102231241635,184.506472699759,57.1780035169894,185.782831298151,16.4408255773258,11092515006.0023,5111758067.28217,68752484858.6568,102898928769.46632,3016819119.68014,3829047096.546642,49425312585.6968,102827661357.41945,1.79852138026846
573,U-HiZ_z1_205,2,0.843690839132232,50.2066939605874,2.4331105,0.9501601,-23.22,37.1738382645504,2.84331109546868,207.681098123716,69.3271526271858,198.019131723095,15.4879001179225,189.866963688771,12.0071868787952,29718706929.8315,13695256649.6919,32021756284.414,123970291526.04803,2956609460.73331,10197584261.241997,21853493852.3915,123550161700.77725,4.87146310526959
574,U-HiZ_z1_208,1,0.836158015027448,66.4496732309612,4.9710264,1.941248,-22,63.7879547192585,2.86982544245753,177.763316646314,22.2680486966131,216.802229388551,6.9322590843061,205.350207895196,9.25340329475583,9661180065.80254,4452156712.3514,78199961053.3346,100858637948.69167,3068838161.90934,3340883702.282865,56489566083.7784,100803290347.85068,2.2098059205752
576,U-HiZ_z1_31,1,0.835747551243873,68.8477324352202,2.957641,1.1549958,-21.5,48.3398779694049,3.10127448614569,97.2099281260675,32.1719714475915,120.708461972761,10.4436213689676,131.746655034593,12.6451652836978,6095792477.03297,2809120957.15805,120668584812.404,92644366340.26361,3313860833.90379,2122126570.4263935,88236634570.3008,92620058267.13812,1.95873374657034
577,U-HiZ_z1_33,1,0.838367624855035,56.3222724943428,1.8261697,0.7131421,-22.1,34.4984298346363,3.52635132921129,69.97399670155,26.0846551113883,83.3217810027003,26.0761457463412,91.675000577901,10.0288864824874,10593277027.6157,4881694482.77221,38518915080.9453,98541659565.56456,1628513043.84762,3527376774.0464845,27737144388.7953,98478506705.92818,1.39648987484502
578,U-HiZ_z1_34,1,0.834663529156268,55.0815684708749,1.1398275,0.44511688,-22.51,62.7288146207864,4.86662958424185,219.089646079706,85.6467051877184,236.233441089173,77.5329470897899,269.1182882059,56.0701323973658,15453621506.0599,7121484565.00456,65310309765.4901,112069625878.36995,3657148295.83455,5387722724.838948,46355760503.5004,111940044168.10841,3.34690503626263
583,U-HiZ_z1_44,1,0.833836328072314,52.7578490077348,3.4721093,1.3559021,-23.48,45.0020207859113,2.97629101426392,102.009533733579,41.0402628381371,221.732296054444,24.7013485723778,228.599216135246,24.5577364102422,37759827560.1379,17400842193.6119,34802848092.9594,134337394398.92255,3757795019.40849,13130630579.937107,23342145168.0834,133694136275.54832,4.55391706517105
584,U-HiZ_z1_49,2,0.963470662978973,47.6167366942204,2.7786853,1.0851113,-22.01,30.8959263096894,3.22532739481964,168.708595575151,71.6852864368525,150.658872718529,21.7512464253541,115.454509894214,11.9745545012929,9750575921.15481,4493352959.05752,50294356839.3291,79668356642.5877,2455889583.48188,3315687056.181535,35968772372.8175,79599329579.31253,2.64045754054016
594,U-HiZ_z1_84,1,0.840263631552284,53,2.1870446,0,-20.09,30.916158482081,3.85833174766081,67.1421159611187,29.0663363952438,70.3417123848321,25.2996477799921,74.1331806760251,10.4257777557102,1663528425.44136,766602961.032885,183780911072.138,68841655558.17581,1832748152.01315,562632039.410635,136803130015.132,68839356368.13252,1.57453436911222
598,U-HiZ_z1_96,2,0.839854634005702,36.4288122961295,1.748568,1.0491409,-23.33,62.7017478469808,3.71369998659165,290.968537309382,97.8125869619556,296.19561828858,78.7031623216963,297.830910680327,16.0341521462299,32887446455.0866,15155505278.8418,51449014747.6566,131527553894.20041,5080006918.37907,11645995807.405596,34863915661.1109,131010946928.28413,4.38451216434455
600,U-zuds_z1_100,1,0.824522973371728,47.3843318812965,2.1460745,0,-21.56,19.0129553721643,4.13500855638646,139.013520596229,52.2392484555154,139.549693574595,55.010227177594,119.364053082763,21.3688675214033,6442137058.77326,2968726755.19505,141555834501.598,96639204738.91078,3979133052.21804,2267304755.609369,103441128909.308,96612603845.0176,5.80043391724598
603,U-zuds_z1_109,1,0.807770532572785,45.9817757569805,1.1031102,0.43077832,-22.33,67.604802133008,4.39392846840601,125.747688021942,45.0312477165549,137.22428824125,41.5849755134973,160.484204100096,31.2947090348897,13092728075.2733,6033515242.06143,179313254897.306,119752259822.31854,8454001368.28943,4803860116.2251835,128465604157.155,119655867639.39255,1.73395997733278
605,U-zuds_z1_113,2,0.916177526963381,53,2.3846338,0,-20.6,24.5251920551018,4.21629909202015,181.689074438475,67.4042000321606,201.348245998988,62.034567409491,195.884107944647,27.2112371075803,2660910828.30958,1226226188.1611,251121805257.188,69116256489.653,4139565159.26637,939856592.3883153,185700932404.452,69109866015.85365,7.62631616901008
606,U-zuds_z1_118,2,1.0365498868048,39.9982610778265,3.3151658,1.9890995,-22.52,39.0371247481972,3.20324003366364,137.946774204552,47.28645439673,192.026633479887,14.8459796705451,285.464806994816,19.8291592807402,15596615395.3587,7187380366.52475,38827430492.4467,78359992550.89806,3019813841.00795,5349550281.221478,26923020038.6757,78177175341.43506,6.4685844927477
613,U-zuds_z1_139,2,0.899760924167897,38.7586024650272,1.9598911,0.76536196,-22.05,40.0695507101997,2.79499995399303,104.1181078081,33.3781830489572,121.50024527234,32.4764575214137,140.100003906565,11.9892870744852,10116490352.9127,4661977121.15793,86703449987.1561,92108908385.83846,3925300749.89455,3541360805.287528,62239209952.8282,92040804905.63713,2.23130148765685
618,U-zuds_z1_147,2,0.882540584875186,40.7266622806233,3.6747413,1.4350324,-23.34,52.0663728211928,2.70563152376412,123.887220707174,37.0434134017348,153.587103371793,14.4070640247582,174.198328772979,18.0749514279332,33191757252.13,15295740669.1843,35384963681.6095,119941218016.65704,3764254211.7538,11531657925.029623,23774969526.2073,119385579718.9064,2.75740579318786
619,U-zuds_z1_188,1,0.912776862051005,51.6923207647256,3.2073195,0.9621959,-22.03,26.2854785188706,2.636289510366,95.3286761492284,32.7258830784905,113.950319715988,9.33613753781046,118.106346855621,10.1684422753998,9931856852.01049,4576892558.53018,91901574770.7409,90049174607.71394,4191715405.98992,3489228264.6618056,65947262680.2639,89981548851.12636,3.42809120069562
622,U-zuds_z1_220,2,0.914297739523649,53,5.226306,3.1357837,-20.11,39.8066364246936,3.65180467114291,101.175540263934,64.1046055772934,92.6258410536386,56.168194470034,104.136446511841,61.8647754571484,1694456442.81258,780855503.600267,166122964620.011,60670382384.61797,1911985588.54526,573155308.3827633,123466901527.418,60667675014.691605,1.09695276772775
651,U-zudsp_z1_115,1,0.826691341168901,61.3547136816542,1.800763,0.7032204,-22.56,62.0055694317655,2.37531704186618,161.722396132811,51.0355234983844,175.007099665111,45.2388254081219,184.27781658167,9.71095767061455,16181916889.9459,7457104557.57876,81684353448.3204,116423546076.33745,4672034350.71342,5723921598.949514,57903999321.509,116282753676.19289,2.34039557411093
652,U-zudsp_z1_120,2,0.827709665798965,34.8367336136282,1.2405124,0.74430746,-21.49,38.0172313253901,3.42408110754631,251.570061213892,83.4860853913949,245.720208135781,71.0618741309261,236.379179045179,47.6703289429716,6039904641.5922,2783366194.28212,126080970757.59,93978084296.04726,3389677565.97875,2106176110.805932,92249092625.2718,93954480202.62384,5.97341581255093
653,U-zudsp_z1_121,2,0.86784178765298,44.1813301208037,1.1849065,0.46272078,-22.1,28.3531518727909,2.87522005713858,237.539440352762,90.0447821695401,232.086917630902,76.8551399240712,222.25318604862,52.2623948388407,10593277027.6157,4881694482.77221,60734308926.0017,96236286150.06488,2699966708.80492,3630241595.466379,43634843772.3284,96167791478.82994,7.61815421437023
660,U-zudsp_z1_53,1,0.808133247012145,53,0.8025723,0.4815434,-19.97,53.1342601215717,3.75864165680514,138.972554709037,55.2241531442533,138.607024172681,48.0722570650375,132.884348357975,31.6014921116306,1489463584.87734,686388748.791401,153268983783.627,70127757001.78575,1321914770.28001,495020061.33070034,114245916551.389,70126009848.2752,1.91030629855815
661,U-zudsp_z1_55,2,0.957974844373852,55.7389153991983,2.380947,0.7142841,-20.12,40.7184551813987,2.92426782865443,91.0895919454212,31.3044135040722,116.237142723228,32.5820379678571,113.422336932513,9.80868849723902,1710135415.98467,788080836.859295,195262950025.037,57168646252.4027,2436582206.15598,586114240.571056,144982231442.768,57165641642.76788,1.74043301625048
663,U-zudsp_z1_62,2,0.836304645851761,33.5617727862483,1.5691053,0.9414632,-21.76,38.8710086828448,3.47053177511781,187.682242962537,59.3062994534532,164.776193452055,46.7524839459674,139.174199780513,15.5737288657238,7745157732.42143,3569197111.71494,49545572488.2008,93061536300.8052,1640039469.4,2584067739.7565436,36019197758.4968,93025653088.7176,2.80992365401424
664,U-zudsp_z1_69,2,0.967609872479538,53,4.142549,2.4855297,-21.02,42.9197222594986,3.5010060256899,215.739410632323,79.7012736281031,202.46207918235,11.6470596367729,217.221369116251,18.9431501606031,3917692578.25506,1805388284.91017,94926278186.6669,65921137480.13439,2308573804.07205,1332963272.2917666,69637371716.2367,65907659460.71443,4.61741105410208
667,U-zudsp_z1_79,1,0.815636528766913,53.4260988087768,3.5072389,2.1043434,-20.97,54.5151221399234,3.04072458446282,154.56602091019,52.9908917933643,156.122866678551,12.3614306000703,151.023567901422,8.34639042643647,3741363420.42926,1724130608.49275,133857414392.571,85793011389.51953,2421914446.80914,1282572830.8038,98823684169.7459,85783423866.24535,1.63327111727651
673,U-zvipe_z1_1081,1,0.880359668478435,74.428513631032,7.7281384,3.0179346,-21.55,14.74456104627,3.52993126570379,55.88378765952,9.29914970987715,107.097713383912,15.7282279308961,107.097713383912,15.7282279308961,6383073844.73109,2941508684.20788,113925197894.386,86518631583.39032,3501921259.72237,2225585050.1866617,83025020026.0627,86490001631.67307,6.44637705400157
677,U-zvipe_z1_1821,1,0.841547850015293,60.5465775022628,3.5039103,1.3683208,-22.33,43.1457916396616,2.59098480764388,180.745867748374,66.3718016018638,167.83158524546,14.9356167458864,167.227645128263,13.3558918149102,13092728075.2733,6033515242.06143,120495106391.123,110301618138.34177,6020913996.56158,4702990894.73503,86070821349.2941,110201310521.15762,3.65824706314757
680,U-zvipe_z1_1824,2,0.962579425265966,38.8165477624137,2.7760072,1.0840654,-23.33,42.4298226262107,3.29327693814479,204.004517325511,72.6231171784402,169.813525749492,17.666421785582,175.442302045102,23.75819981186,32887446455.0866,15155505278.8418,32759966698.2065,104516280458.15605,3911184446.53097,11428397587.921558,21690813723.0643,103889578925.8014,4.09268101963115
681,U-zvipe_z1_1825,2,0.919619449189142,58.6100109642429,2.6520476,1.0356576,-22.74,37.5150765342783,2.8396200307599,69.0475840722018,62.8975047756553,76.3289426645474,48.5121456216128,349.493027254708,192.623145541275,19099855845.3237,8801776887.24594,54275389105.9955,101104434673.96678,4094485232.88643,6679037285.558914,37730002912.1121,100883582270.26105,6.76969546231127
686,U-zvipe_z1_1836,2,0.827618410028457,37.1266877838799,2.386751,0.93205607,-22.31,9.1612431332269,3.38288393987329,80.1662651071013,73.8602673236263,185.301735497225,156.31566458178,144.518082389762,96.2255735331641,12853753433.543,5923388679.05207,48408183547.7633,106616583864.16046,2329042264.99994,4368832322.50738,34645970889.2958,106527035343.15303,15.7335029852802
688,U-zvipe_z1_1838,1,0.802053730613748,67.0266666157155,3.825385,1.4938607,-21.23,34.6896430968148,2.82272909311772,98.039639018648,30.1969454242084,158.508208034525,9.83982296508617,82.6271315808611,6.55826689729341,4753680499.24834,2190636174.76882,89549949800.2572,90924878845.64111,1908077272.59747,1605949310.4344232,65896144757.6389,90910695299.87564,2.30493806870332
690,U-zvipe_z1_247,1,0.83769654942719,71.5609700362979,3.488066,1.3621334,-21.7,61.9055640385822,3.50991336187358,145.96195316656,56.4825049863649,195.938407631607,13.2116527156972,220.520103953455,7.52256726529337,7328759665.92967,3377308601.81091,139554738064.144,97361361315.7441,4436778946.85816,2593103225.6997933,101592450464.125,97326823090.63487,2.74111481088032
691,U-zvipe_z1_249,1,0.88339123944268,53.3297245816514,1.924246,0.7514421,-22.65,82.0124273386657,4.55144610554204,232.104441017661,93.8972987843973,224.405352911978,73.7165346085364,211.24238091883,22.6395821494368,17580451640.9271,8101590617.93876,69128598892.5643,106754960051.49529,4625266558.10875,6200709597.55685,48498746116.132,106574728224.29866,1.89686866068425
692,U-zvipe_z1_251,1,0.840195654708891,45.7994846550847,1.8301002,0.714677,-22.23,84.4986612347234,4.64083729579551,213.504709493767,80.6711562913197,195.330175735371,61.8152497241483,197.123656452876,18.6691016168209,11940705709.6735,5502629359.29654,124907759847.029,108356757132.12558,5805275187.06518,4282044280.067779,89550740345.8371,108272115121.91856,1.75831015453954
696,U-zvipe_z1_4550,2,0.888620810293205,36.7533053219979,1.9356444,0.7558933,-23,47.3161881011047,2.27747523103499,145.732590779373,47.7847623818784,167.177025284718,41.8373028329163,169.796852031576,7.44183282388258,24267787452.7229,11183312190.1949,50905931227.3417,112380480009.99658,4359301632.83493,8515335689.533596,34997465860.5314,112057402010.62933,2.515205293194
698,U-zvipe_z1_4553,2,0.91876176120425,38.741574529047,2.6497772,1.0347711,-22.77,57.5278874530256,2.8840505860974,264.365483339349,86.2757641913219,209.671926893835,9.96152563775683,156.794707716118,12.3310131902385,19634975526.5671,9048375818.69452,48373705600.4259,101239522894.91945,3719487098.90371,6826743287.256444,33574600377.0844,101009091531.80627,1.08127997107707
700,U-zvipe_z1_4555,1,0.890681663055517,55.5382738062072,1.2161971,0.47494018,-22.2,47.0988831189268,3.75998288871102,180.406832701678,57.2992582608893,180.225345094396,50.107203732438,179.910540703893,35.287456049791,11615301383.4225,5352673448.5818,93575047765.9929,97122452143.1792,4636415854.78749,4104459323.1120214,66871151812.9364,97035684796.72337,3.2813768302119
704,U-zvipe_z1_4562,2,0.917180615252115,47.0716528115041,3.8190029,1.4913684,-23.19,19.096919000599,3.29915195940236,194.547591299515,72.4236642244185,273.607086472885,24.9230889956058,259.016442293672,10.2563501135686,28908822150.767,13322037857.4963,28877782787.9447,108182081637.0361,2936503328.19976,9894703470.982077,19504721398.3045,107728629577.02414,1.66073909613405
705,U-zvipe_z1_4563,1,0.900588564023376,61.4617235325315,5.3542953,2.0909193,-22.14,139.563292345785,3.20321705193412,281.518054664316,20.8351459292285,274.418893276709,16.8970497878991,278.262085108522,7.82257404983915,10990815898.6893,5064892119.21166,63917750541.2661,92173305583.91194,3086783885.10025,3791852280.053831,45737568914.4104,92095277395.48572,1.16030749501828
706,U-zvipe_z1_4564,2,0.918021254271401,61.4526106822327,3.2486541,1.26864,-23.75,20.0680100886556,3.63736091429892,284.635620433607,97.0179758312606,232.761892514082,23.9280951277729,265.748246376616,34.2910353448315,48420602270.5032,22313641599.3102,26616944435.2091,122120566290.2674,3891978653.00861,16808743838.165325,17086440437.7448,120958252474.3084,12.8542226882177
716,U-zvipe_z1_4737,2,0.80433875817425,57.2205761650956,2.319822,0.9059195,-20.99,20.8918456063733,2.75547350503307,85.8316911353496,73.0338022324265,112.435563999073,89.3288402011537,93.1443058549841,56.8989018062327,3810922167.42115,1756185330.60882,63824836656.4129,84155627959.2092,1148170540.16058,1250743486.7741127,47125312869.3627,84146333003.51909,4.21326149707322
717,U-zvipe_z1_4742,2,0.839300010497685,67.1911028811531,2.9701536,1.1598821,-21.27,27.4497412163029,3.23374132108897,120.40507167724,37.7289371852928,153.166178479383,14.6625626695949,154.969457401804,24.7730945494624,4932082759.28527,2272849197.82731,75831847111.5466,85126890667.21393,1776483131.90573,1656615152.2634985,55680724796.7224,85110769829.11789,5.44586061944614
719,U-zvipe_z1_4766,1,0.807178246924748,48.3168268360691,3.180804,0.9542412,-21.49,50.742966925585,2.89643086464837,161.394787563361,51.0487841324727,189.791599181775,14.3731556241202,173.121479367313,12.0486033674159,6039904641.5922,2783366194.28212,52061885701.9269,92475307252.1682,1349788415.88929,1996692532.2026584,38129396455.6674,92453748816.98827,2.05429289630452
722,U-zvipe_z1_4773,2,0.857262318401921,30.3818103768608,1.6582869,0.4974861,-21.28,37.3001664938092,3.49585897413067,143.047177044262,47.9658444924614,128.929925286511,39.9813493538381,116.671540473339,16.5626958012935,4977719809.20375,2293880096.40726,58473125415.8068,81470679518.98817,1423590156.23176,1649216784.4724138,42894387413.2143,81453985201.97458,3.01575372468517
723,U-zvipe_z1_4774,2,0.97327885380266,44.639954836992,2.7743428,0.83230287,-21.89,19.2342120542626,2.6284094321657,97.2989508697811,31.2268764890829,95.6210533912344,6.56924620347943,94.5241608412167,6.62115108438151,8730315361.03068,4023186802.31829,97686725144.1524,79403065969.60849,4453910211.03005,3075505161.7107463,70099860851.9717,79343482110.21677,2.90106345174035
725,U-zvipe_z1_4777,1,0.915145176632237,59.0848416545945,3.2386749,1.264743,-22.16,36.0185724283504,2.29966793606367,97.7582676728114,33.1754982862514,111.380849825606,10.8412667046297,154.575429740777,12.1877280428887,11195155145.2209,5159057670.60871,78684093933.2195,91488910772.8011,3946875505.75073,3916689628.5359583,56193397313.8863,91405034526.26273,3.79727056330922
726,U-zvipe_z1_4780,1,0.878041145607513,47.9429820703986,3.1073668,1.2134656,-22.21,46.7348490504144,2.30611024511535,161.529046774565,49.5360813013207,177.783903685187,9.39892495225815,182.396019597703,8.84024885240207,11722758322.9585,5402192775.55691,96202779454.5788,99590403493.95609,4700143165.46186,4147158558.260281,68798974653.4714,99504017727.83664,3.54979186930279
730,U-zvipe_z1_4857,2,0.895036504942209,43.7633427482989,3.7270985,2.2362592,-21.77,69.7333627038333,3.99447940255819,192.185192044033,68.1645247318006,202.712333356702,12.0947610199688,179.300814436764,14.2356902404128,7816824443.48696,3602223245.84653,88657937939.0495,87348898093.59323,3267374912.4204,2710627588.22449,64203430847.0895,87306829608.24365,1.79354608971302
732,U-zvipe_z1_4958,2,0.802183513199603,60.0334021625428,1.7474563,0.6824035,-21.98,84.3880401841475,4.75503409022384,209.228788749159,80.248169375063,197.883003023426,61.935851545341,191.608288991648,17.7196160992705,9484839655.18351,4370893850.31498,68126775963.0769,105692032581.39551,2484126061.17775,3243826968.1983275,49355375866.0896,105642242203.51988,1.41529367594887
733,U-zvipe_z1_4959,2,0.802144408957015,43.3357534731517,1.0953915,0.4277641,-21.98,43.5154702967202,4.46739807364019,220.425734140194,92.0202691066506,211.552786444921,77.5634041949558,193.350193104543,51.180396426025,9484839655.18351,4370893850.31498,79210697573.7046,106640746520.83856,2888082988.17238,3272710111.951391,57385424500.4002,106590516402.93742,4.02842978994377
735,U-zvipe_z1_5083,1,0.988869292668872,65.5260297678872,4.716829,1.8419807,-22.53,70.22092408429,1.90967854152816,140.370368238523,43.2637733613429,168.83812541944,7.24282888217344,157.071420616339,6.63702997002972,15740932421.2677,7253885908.4183,65015837802.2991,87205313539.35246,4736122705.87595,5548128584.141632,45323094057.461,87028644587.34607,1.93310558162092
738,U-zvipe_z1_5094,2,0.822818839036327,49.4383436131818,2.1953702,0.65861106,-21.79,23.699653154193,2.86976163927138,59.2110326504604,51.1278625801018,127.179393173654,95.7771666583685,99.0134755851375,59.6428798401433,7962153419.22227,3669195124.06556,72747224544.3647,98095478660.55629,2402890201.18392,2717813098.6098804,52890476949.76,98057821848.15588,3.65694561433649
741,U-zvipe_z1_5100,2,0.958943327728483,56.7868372028272,3.3936515,1.3252633,-22.07,17.2469029600706,3.37205178607578,182.91863285369,73.6904228863717,155.721008026849,20.8973024211243,138.320943608454,9.25300275282124,10304574298.2096,4748651750.32701,59762256921.6155,82157583053.28917,3021470533.57668,3546485638.5585985,42662245404.5404,82081002021.0134,5.53704466732186
742,U-zvipe_z1_5101,1,0.80424979133941,69.5156585323874,5.7033997,2.227249,-21.6,63.7789240739318,2.34705727643191,124.608435267338,8.655629984147,115.207493592934,7.68144633162259,131.447448619939,9.92069168307691,6683905896.82086,3080140966.27689,106850005000.076,99371004694.48434,2982027993.08007,2314219040.5162497,78096223313.5306,99344053492.012,1.25626139298183
