KID,Name,Redshift,INC,Re,Re_err,Ve,Ve_err,Vopt,Vopt_err,Vout,Vout_err,Mstar,Mstar_err,MH2,MH2_err,MHI,MHI_err,Rot_Disp_ratio_int,log(Rgas),log(Rgas_err),Rout_Flag,Mstar_flag,Wiggle_Flag,Rgas_flag,,ve,,m,,,check HI,check H2,check star
13,C-HiZ_z1_195,0.845449289,41.24116972,2.1293561,0.6388069,49.28188155,23.56863743,58.34787633,23.2259489,72.84825933,12.01420796,4.14E+09,1.91E+09,2.28E+09,3.52E+09,8.12E+10,2.06E+11,1.233246415,1.023472302,0.949853584,OK,OK,OK,ok,,1.692687281,,10.94235397,,,0,0,1
20,C-HiZ_z1_245,0.833362054,61.52763644,3.4952984,1.0485896,129.2882861,41.36998341,161.6077667,7.986683668,167.4876312,13.47251657,7.96E+09,3.67E+09,2.94E+09,6.86E+09,6.35E+10,2.43E+11,3.464285271,1.191345395,1.10558638,OK,OK,OK,ok,,2.111559178,,10.87137109,,,0,0,1
21,C-HiZ_z1_246,0.842185379,41.96344698,2.615322,0.7845967,64.69054541,27.91733225,108.3401702,14.82652604,133.6406035,13.54372026,4.30E+09,1.98E+09,1.88E+09,3.61E+09,6.54E+10,2.06E+11,2.676636181,1.562608141,1.369252,OK,OK,OK,F,,1.810840813,,10.85460224,,,0,0,1
25,C-HiZ_z1_258,0.837600693,50.5938355,4.6041574,1.3812473,219.4546169,29.41904412,215.2764835,21.55808653,222.9000613,21.09688509,1.07E+10,4.93E+09,2.63E+09,9.13E+09,4.46E+10,2.53E+11,2.557423274,1.274338085,1.145263332,OK,OK,OK,ok,,2.341344722,,10.76274848,,,0,0,1
28,C-HiZ_z1_267,0.839406416,31.09830588,4.431997,1.3295991,118.7907834,33.67750879,114.9027654,9.904385288,131.2265893,20.78041152,2.25E+09,1.04E+09,1.29E+09,1.86E+09,7.57E+10,1.79E+11,9.085796313,1.024041626,0.977367042,OK,OK,OK,ok,,2.074782746,,10.89882248,,,0,0,1
31,C-HiZ_z1_275,0.850856041,63.75155873,2.456358,0.7369074,194.2375829,84.38155567,165.0638999,18.73984291,159.7499828,13.32051073,8.26E+09,3.81E+09,3.25E+09,7.15E+09,6.61E+10,2.38E+11,2.129288692,1.026128625,0.91477741,OK,OK,OK,ok,,2.288333265,,10.89001888,,,0,0,1
32,C-HiZ_z1_277,0.838362987,36.70802445,4.153598,1.2460794,136.4892619,47.20824452,88.18246602,8.550185044,88.61219618,10.93695171,1.07E+10,4.93E+09,2.01E+09,8.99E+09,3.40E+10,2.49E+11,2.756524649,1.29274784,1.186713233,OK,OK,OK,ok,,2.135098485,,10.66927136,,,0,0,1
34,C-HiZ_z1_285,0.833803936,71.31471828,1.5820578,0.4746174,75.97913957,28.62155502,78.878233,25.19819708,83.09669802,9.247467861,4.89E+09,2.25E+09,2.05E+09,4.13E+09,6.55E+10,2.16E+11,1.041013628,1.250786832,0.989130062,OK,OK,OK,ok,,1.880694371,,10.86007113,,,0,0,1
35,C-HiZ_z1_289,0.842692497,46.29177391,3.7175689,1.1152707,144.4477437,56.90450823,191.4409117,11.63557675,202.256693,9.848117686,1.13E+10,5.21E+09,3.23E+09,9.77E+09,5.19E+10,2.57E+11,4.973198552,0.901477145,0.873616701,OK,OK,OK,ok,,2.159710763,,10.82245716,,,0,0,1
39,C-HiZ_z1_297,0.840623489,36.11909776,3.7084405,1.1125323,221.4243603,69.36832488,210.1358908,18.28571131,259.1559514,22.37420343,2.23E+10,1.03E+10,4.40E+09,1.96E+10,4.11E+10,3.00E+11,3.010837162,0.718716207,0.691474628,OK,OK,OK,ok,,2.345225399,,10.83147034,,,0,0,1
45,C-HiZ_z1_314,0.834880299,42.37595018,1.7687768,0.53063303,242.8086121,71.26728741,251.5828466,63.45084165,258.0002564,14.82566126,1.00E+10,4.62E+09,4.77E+09,8.87E+09,8.55E+10,2.61E+11,1.321536495,0.579717618,0.553096991,OK,OK,OK,ok,,2.385264087,,11.00127071,,,0,0,1
46,C-HiZ_z1_317,0.853780219,68.83972134,3.9519444,1.1855834,191.3982268,58.24603835,216.7892684,13.37688791,290.4576175,14.50359364,1.96E+10,9.05E+09,5.07E+09,1.74E+10,5.13E+10,2.88E+11,1.227127372,0.994529918,0.894241846,OK,OK,OK,ok,,2.28193791,,10.88089149,,,0,0,1
47,C-HiZ_z1_319,0.840024327,73.86721259,7.07452,2.1223562,146.4114826,15.87668418,160.0628703,16.85055211,159.9060701,15.39027628,1.36E+10,6.26E+09,2.11E+09,1.14E+10,2.93E+10,2.61E+11,8.695122738,1.384056507,1.188084821,OK,OK,OK,ok,,2.165575138,,10.65308842,,,0,0,1
51,C-HiZ_z1_340,0.835543867,46.7583236,2.2292604,0.6687782,185.3288893,60.03066926,241.1756991,57.94762632,206.9561376,13.93996766,1.71E+10,7.88E+09,3.19E+09,1.47E+10,3.72E+10,2.82E+11,2.099616816,0.729713347,0.704090921,OK,OK,OK,ok,,2.267943123,,10.75983403,,,0,0,1
54,C-HiZ_z1_67,0.839779424,74.05862675,5.1623783,1.5487136,70.04586142,11.2772969,157.3078408,14.93334007,171.6085775,16.57651345,2.71E+09,1.25E+09,1.51E+09,2.26E+09,7.64E+10,1.87E+11,2.778065961,1.625262475,1.463327729,OK,OK,OK,F,,1.845382481,,10.90648328,,,0,0,1
63,C-HiZ_z1_90,0.854808919,63.39148764,2.5611658,0.76834977,106.2943188,36.38122876,117.6780773,10.17287329,86.99505751,9.619399648,3.67E+09,1.69E+09,2.36E+09,3.13E+09,9.12E+10,1.98E+11,1.808440613,0.820366871,0.733750254,OK,OK,OK,ok,,2.026510053,,10.98769108,,,0,0,1
66,C-zcos_z1_1,0.906427662,38.44918018,4.097195,1.2291585,52.61166827,47.48502087,39.60205273,25.77524505,237.9839369,147.2298985,2.25E+09,1.04E+09,1.29E+09,1.86E+09,6.71E+10,1.59E+11,7.039916349,1.227254344,1.127957648,OK,OK,F,ok,,1.721082073,,10.84934921,,,0,0,1
67,C-zcos_z1_1015,0.888594701,66.91994224,7.291261,2.1873784,292.5330778,26.64279085,325.0630444,36.58058617,310.0616757,35.26703193,2.86E+10,1.32E+10,3.60E+09,2.48E+10,2.53E+10,2.85E+11,3.564074103,1.525565414,1.370988834,F,OK,OK,ok,,2.46617498,,10.76033767,,,0,0,1
68,C-zcos_z1_1021,0.927272553,63.4272704,3.6876013,1.1062804,106.8143528,35.66574995,99.93058465,11.06763383,113.408406,9.641562668,7.60E+09,3.50E+09,2.79E+09,6.51E+09,5.30E+10,2.03E+11,1.9497761,0.957810478,0.874840224,OK,OK,OK,ok,,2.028629614,,10.80212685,,,0,0,1
71,C-zcos_z1_15,0.92496718,53,5.2910314,3.174619,160.6168878,15.44742168,237.1793081,19.17020473,265.7941933,20.59608899,1.40E+10,6.44E+09,2.73E+09,1.19E+10,3.20E+10,2.29E+11,26.73864852,1.694069376,1.596392807,OK,OK,OK,F,,2.205791207,,10.68772967,,,0,0,1
72,C-zcos_z1_156,0.868009194,54.01950612,2.1255233,0.63765705,215.8044351,90.82083684,193.2183354,65.19487994,167.5118881,22.5707208,6.81E+09,3.14E+09,3.01E+09,5.87E+09,6.93E+10,2.21E+11,5.746046565,0.916235712,0.871994799,OK,OK,OK,ok,,2.334060366,,10.89850213,,,0,0,1
74,C-zcos_z1_162,0.960409965,42.09728532,5.1750646,1.5525194,163.4502051,16.68608969,188.8555469,15.86005044,192.3358138,14.87164681,3.92E+10,1.81E+10,6.61E+09,3.50E+10,3.20E+10,2.78E+11,2.509979826,0.998906312,0.950851687,OK,OK,OK,ok,,2.21338547,,10.89090536,,,0,0,1
75,C-zcos_z1_166,0.923378805,48.70712659,2.7665849,0.8299755,115.9028428,42.50018974,105.0867409,14.0343648,89.53385322,9.967077791,6.75E+09,3.11E+09,3.00E+09,5.81E+09,6.32E+10,2.00E+11,2.446869636,0.930081562,0.853165219,OK,OK,OK,ok,,2.064094088,,10.86318499,,,0,0,1
81,C-zcos_z1_189,0.937734239,50.49105018,4.3405485,1.3021647,55.8789936,51.57658332,232.2589785,136.3904376,146.0458499,88.47432459,1.48E+10,6.80E+09,4.94E+09,1.30E+10,5.42E+10,2.34E+11,5.730544276,1.113001408,1.021072853,OK,OK,F,ok,,1.747248576,,10.8686126,,,0,0,1
84,C-zcos_z1_192,0.914106107,33.40480984,3.5357754,1.0607326,212.4555615,83.3500877,196.7302992,28.07947381,167.9201462,18.50545176,9.75E+09,4.49E+09,4.57E+09,8.59E+09,7.27E+10,2.24E+11,3.625093226,0.825102772,0.787512755,OK,OK,OK,ok,,2.327268104,,10.93973118,,,0,0,1
86,C-zcos_z1_197,0.837415524,40.76863029,3.6033008,1.0809903,132.7140528,43.66863932,93.99825945,12.20172829,73.10062945,9.948663471,3.99E+09,1.84E+09,1.69E+09,3.34E+09,6.31E+10,2.04E+11,1.200592448,1.141463035,1.05756555,OK,OK,OK,ok,,2.122916912,,10.83769203,,,0,0,1
87,C-zcos_z1_198,0.959129558,68.62540123,5.584179,1.6752537,123.8706646,15.33684007,122.5224753,12.36592121,121.7269889,12.29553443,1.42E+10,6.55E+09,3.99E+09,1.24E+10,4.35E+10,2.22E+11,4.302065876,1.258547481,1.087593835,F,OK,OK,ok,,2.092968468,,10.7904329,,,0,0,1
88,C-zcos_z1_2,0.896927556,57.29592725,6.1939964,1.858199,302.1655971,14.44364701,300.1509574,16.1849961,277.9329561,22.92613125,1.76E+10,8.10E+09,3.19E+09,1.51E+10,3.27E+10,2.54E+11,1.825409934,1.195013997,1.090759919,OK,OK,OK,ok,,2.480245017,,10.7278372,,,0,0,1
89,C-zcos_z1_200,0.955678747,39.66247537,3.176221,0.9528663,154.5840962,62.00286961,150.8325523,16.8747496,144.0809157,15.37865176,4.42E+09,2.04E+09,3.15E+09,3.82E+09,8.81E+10,1.75E+11,2.174170688,0.954770555,0.901078628,OK,OK,OK,ok,,2.189164811,,10.9808328,,,0,0,1
90,C-zcos_z1_202,0.840891432,53.25123182,3.161079,0.9483237,175.1244906,55.11036602,198.5115957,11.04272087,218.453706,10.66070542,1.89E+10,8.72E+09,7.89E+09,1.72E+10,8.41E+10,3.00E+11,2.134245614,1.092932933,1.04319326,OK,OK,OK,ok,,2.243346885,,11.0451153,,,0,0,1
92,C-zcos_z1_322,0.961796521,50.60369532,2.7765722,0.8329717,203.9830886,68.26041507,164.2081984,12.41857787,214.7736334,16.26619066,3.11E+10,1.43E+10,3.97E+09,2.70E+10,2.30E+10,2.57E+11,2.087058101,0.995042666,0.903769067,OK,OK,OK,ok,,2.309594163,,10.7643581,,,0,0,1
103,C-zcos_z1_354,0.838741878,36.96382078,2.0538583,0.6161575,200.1786025,81.11354863,184.4260859,67.0634291,172.006282,23.04563352,3.44E+09,1.59E+09,2.42E+09,2.94E+09,1.01E+11,2.02E+11,3.647248435,0.815954937,0.785397053,OK,OK,OK,ok,,2.301417653,,11.03039308,,,0,0,1
104,C-zcos_z1_356,0.97047848,27.62914419,2.4829235,0.7448771,92.70543087,32.81296733,85.19653305,27.14692555,113.4716227,10.20006112,1.55E+10,7.12E+09,7.34E+09,1.39E+10,7.35E+10,2.29E+11,1.252699491,0.923968304,0.89911947,OK,OK,OK,ok,,1.967105177,,10.98370361,,,0,0,1
106,C-zcos_z1_460,0.896228624,60.79532372,5.50943,1.652829,192.0659176,14.64862818,209.1770996,15.1880333,210.6603549,15.45051667,1.68E+10,7.74E+09,3.27E+09,1.45E+10,3.48E+10,2.52E+11,4.895125583,1.421453014,1.24538941,OK,OK,OK,ok,,2.283450305,,10.73951082,,,0,0,1
108,C-zcos_z1_462,0.887300178,43.25046029,4.2034597,1.261038,67.11056014,26.16777307,111.8418247,15.20305377,141.0657663,17.53820949,5.12E+09,2.36E+09,1.49E+09,4.23E+09,4.15E+10,1.94E+11,8.962766195,1.677774654,1.563689509,OK,OK,OK,F,,1.826790864,,10.6824949,,,0,0,1
111,C-zcos_z1_471,0.894796889,73.03677603,5.8885202,1.7665563,213.3151206,23.8883055,201.4024885,17.91963823,201.4024885,17.91963823,2.02E+10,9.30E+09,3.07E+09,1.73E+10,2.82E+10,2.61E+11,3.333248011,1.48421736,1.255853299,F,OK,OK,ok,,2.329021641,,10.71182335,,,0,0,1
112,C-zcos_z1_472,0.886578263,34.62124013,3.236356,0.97090685,140.4919627,114.9899073,111.0766385,61.17448955,72.14938107,42.02636741,7.19E+09,3.32E+09,2.02E+09,6.05E+09,4.31E+10,2.11E+11,3.000920871,0.924422451,0.889008024,OK,OK,F,ok,,2.14765148,,10.71876483,,,0,0,1
117,C-zcos_z1_481,0.848692663,48.07926839,1.5160549,0.45481646,189.0700826,92.31181552,179.354816,65.09421216,167.2575195,26.24888422,6.15E+09,2.84E+09,3.23E+09,5.33E+09,8.35E+10,2.26E+11,2.007598724,0.873843168,0.810178045,OK,OK,OK,ok,,2.276622814,,10.96774584,,,0,0,1
118,C-zcos_z1_482,0.952926096,54.56217301,6.064525,1.8193576,72.07876273,10.69152964,239.9079572,30.64582972,239.9079572,30.64582972,1.18E+10,5.45E+09,3.14E+09,1.02E+10,4.01E+10,2.13E+11,15.95840313,1.639750943,1.492548882,F,OK,OK,F,,1.857807323,,10.74126225,,,0,0,1
119,C-zcos_z1_484,0.855195199,42.72685267,4.3298097,1.298943,176.0153774,55.30481931,308.3622563,31.41950347,338.9159075,44.90499319,2.49E+10,1.15E+10,3.66E+09,2.16E+10,3.05E+10,2.95E+11,3.315151486,1.62811211,1.472839797,OK,OK,OK,F,,2.245550611,,10.77186686,,,0,0,1
121,C-zcos_z1_493,0.88806746,43.9492911,4.303485,1.2910455,24.94625338,22.85522451,66.15726859,41.82533795,42.2447186,28.29194568,4.10E+09,1.89E+09,3.26E+09,3.56E+09,1.08E+11,1.94E+11,1.968575548,1.599717396,1.455270219,OK,OK,F,F,,1.397005329,,11.06389479,,,0,0,1
122,C-zcos_z1_497,0.959999734,34.44369871,5.6932983,1.7079896,148.1096861,6.536826939,157.5675797,13.67830019,185.0942964,8.98959404,1.98E+10,9.13E+09,3.58E+09,1.71E+10,2.99E+10,2.35E+11,6.579959923,1.748330833,1.715913512,OK,OK,OK,F,,2.170583461,,10.72648959,,,0,0,1
124,C-zcos_z1_593,0.924073322,72.11446925,3.7753708,1.1326113,151.6233439,59.87238136,153.5101459,18.88747736,175.5177006,13.18171862,4.80E+09,2.21E+09,2.57E+09,4.10E+09,7.09E+10,1.85E+11,5.107203155,1.3336727,1.151811498,OK,OK,OK,ok,,2.18076607,,10.8936361,,,0,0,1
144,C-zcos_z1_642,0.917786347,42.3692596,3.0503702,0.9151111,188.781284,71.15240819,180.4699896,16.50228661,156.9863234,13.27236022,9.48E+09,4.37E+09,4.69E+09,8.37E+09,7.59E+10,2.22E+11,1.451005273,0.900033158,0.872923797,OK,OK,OK,ok,,2.275958936,,10.9545218,,,0,0,1
145,C-zcos_z1_644,0.913949658,56.2602742,4.3298044,1.2989414,160.4516983,54.61113789,189.2486135,23.43029524,258.0268097,31.61498309,1.14E+10,5.25E+09,3.30E+09,9.85E+09,4.64E+10,2.27E+11,4.11338272,1.169055906,1.054778582,OK,OK,OK,ok,,2.205344318,,10.78604334,,,0,0,1
146,C-zcos_z1_652,0.916857518,52.80780592,3.4467535,1.034026,186.0329828,70.3522836,169.4271743,25.03573639,137.5647851,16.11910747,1.01E+10,4.66E+09,2.29E+09,8.55E+09,3.53E+10,2.16E+11,3.849196871,1.10570933,1.037223632,OK,OK,OK,ok,,2.26958995,,10.6782314,,,0,0,1
148,C-zcos_z1_659,0.981667109,53.91975604,3.1556273,0.94668823,116.5751989,40.29787524,118.8754112,9.599675493,104.0702719,11.17262286,8.97E+09,4.14E+09,3.18E+09,7.73E+09,4.82E+10,1.92E+11,3.463236123,1.322501913,1.197129058,OK,OK,OK,ok,,2.066606165,,10.7808931,,,0,0,1
149,C-zcos_z1_660,0.92946134,65.20584499,5.4115973,1.6234792,90.38015239,9.740428593,145.2262199,7.819467876,132.7151747,9.821533747,1.50E+10,6.93E+09,3.35E+09,1.30E+10,3.67E+10,2.33E+11,15.90384121,1.549885939,1.383035824,F,OK,OK,ok,,1.956073069,,10.74113238,,,0,0,1
150,C-zcos_z1_670,0.879092113,57.19584455,2.6539555,0.7961867,248.51681,84.39228408,235.8802874,22.92071435,154.6763594,25.61747393,2.23E+10,1.03E+10,5.96E+09,1.99E+10,5.20E+10,2.85E+11,2.154895311,0.743699667,0.685439396,OK,OK,OK,ok,,2.39535577,,10.90477735,,,0,0,1
151,C-zcos_z1_673,0.916525121,42.50122904,5.733666,1.7200999,91.25407535,10.48678222,108.2394266,10.14242098,108.182318,10.13117027,5.16E+09,2.38E+09,1.96E+09,4.34E+09,5.17E+10,1.88E+11,1.758953432,1.0315866,0.961320246,F,OK,OK,ok,,1.960252269,,10.76934296,,,0,0,1
152,C-zcos_z1_675,0.891498808,57.78292543,4.441016,1.332305,246.3218632,77.22463509,256.8720539,21.03638725,281.8690464,22.91506297,2.15E+10,9.92E+09,6.43E+09,1.93E+10,5.65E+10,2.78E+11,2.000762597,0.917878578,0.85197097,OK,OK,OK,ok,,2.391502961,,10.92691175,,,0,0,1
154,C-zcos_z1_685,0.867736865,53.71393737,3.475418,1.0426255,153.6865555,8.421020243,127.6984955,9.601904707,105.588883,7.103768016,1.52E+10,6.99E+09,4.55E+09,1.33E+10,5.51E+10,2.65E+11,1.556922218,0.93020624,0.887562743,OK,OK,OK,ok,,2.186635877,,10.8742785,,,0,0,1
155,C-zcos_z1_690,0.925160286,51.98932293,3.250835,0.9752505,240.0916656,97.39039831,215.968173,33.93866145,221.4278807,28.21109959,2.09E+10,9.65E+09,4.60E+09,1.84E+10,3.90E+10,2.55E+11,4.029268072,1.087964303,1.030458343,OK,OK,OK,ok,,2.380377085,,10.80993594,,,0,0,1
156,C-zcos_z1_692,0.926978416,40.18309176,4.1659923,1.2497977,133.2546413,43.52819033,179.4262935,10.62209499,195.8493885,9.480015927,2.40E+10,1.11E+10,7.10E+09,2.16E+10,5.37E+10,2.68E+11,3.97415974,0.975355421,0.953251272,OK,OK,OK,ok,,2.124682345,,10.92868585,,,0,0,1
157,C-zcos_z1_693,0.924618181,56.27937298,4.155385,1.2466156,141.2636141,45.36449583,147.353063,12.40406737,179.0124474,13.70003629,7.00E+09,3.23E+09,2.92E+09,6.01E+09,5.95E+10,2.01E+11,2.258605226,1.378231492,1.257840206,OK,OK,OK,ok,,2.150030313,,10.84148797,,,0,0,1
159,C-zcos_z1_698,0.926691073,34.39957759,3.0274315,0.90822953,138.3428869,51.04642941,143.2567375,15.62806408,156.2463437,13.61288346,1.66E+10,7.67E+09,3.69E+09,1.44E+10,3.75E+10,2.40E+11,3.420696953,1.111863257,1.030554791,OK,OK,OK,ok,,2.140956834,,10.76228356,,,0,0,1
160,C-zcos_z1_703,0.803368977,32.76219066,1.8197962,0.5459389,224.8900034,177.5829615,229.9917083,170.0790503,200.1291718,108.1371165,1.36E+10,6.26E+09,2.58E+09,1.16E+10,3.84E+10,2.83E+11,1.981794238,1.261140392,1.127572339,OK,OK,F,ok,,2.351970151,,10.73653054,,,0,0,1
162,C-zcos_z1_726,0.928240943,38.80447403,2.802337,0.84070116,225.5986054,85.11504621,165.4880393,32.47221167,160.1391781,10.55776643,1.31E+10,6.03E+09,3.22E+09,1.13E+10,3.96E+10,2.27E+11,12.95090386,1.402570776,1.261143143,OK,OK,OK,ok,,2.353336411,,10.74749439,,,0,0,1
166,C-zcos_z1_796,0.885444448,32.68467194,3.3286138,0.99858415,87.23861937,28.37616376,89.6408915,7.418410426,103.5323948,9.588913092,4.06E+09,1.87E+09,2.00E+09,3.43E+09,6.75E+10,1.89E+11,4.749279854,0.819475919,0.790564072,OK,OK,OK,ok,,1.940708784,,10.86697232,,,0,0,1
171,C-zcos_z1_925,0.912870404,45.59468152,3.7296395,1.118892,165.6710024,58.6335047,156.7883527,13.39504023,157.3370177,11.22791995,1.52E+10,6.99E+09,4.42E+09,1.33E+10,4.95E+10,2.45E+11,7.234770407,1.144471078,1.055201382,OK,OK,OK,ok,,2.2192465,,10.83938079,,,0,0,1
177,E-zmus_z1_107,0.961693646,27.86177917,1.4222546,0.4266764,83.92690642,27.69702829,82.62938056,23.68363329,80.84931966,15.84968878,4.34E+09,2.00E+09,2.04E+09,3.65E+09,5.72E+10,1.68E+11,2.567491476,0.740854575,0.716840637,F,OK,OK,ok,,1.923901215,,10.80309451,,,0,0,1
181,E-zmus_z1_117,0.841633642,34.52546215,2.9573355,0.8872007,84.20696927,74.00949353,69.16721968,45.99777016,87.95425422,56.60123428,1.56E+10,7.19E+09,2.84E+09,1.34E+10,3.52E+10,2.72E+11,3.592839411,0.979896317,0.932775373,OK,OK,F,ok,,1.925348037,,10.72982873,,,0,0,1
183,E-zmus_z1_119,0.841298299,61.7587201,4.19094,1.257282,239.9405875,84.2821031,236.2377495,21.15244283,200.6669255,17.23743966,2.74E+10,1.26E+10,4.66E+09,2.41E+10,3.69E+10,3.13E+11,2.744183733,1.031084896,0.963687808,OK,OK,OK,ok,,2.380103718,,10.83848308,,,0,0,1
184,E-zmus_z1_12,0.976393157,51.44321189,3.91059,1.173177,340.1830441,113.5912657,338.724346,27.38069762,339.4148059,6.079238779,6.27E+10,2.89E+10,1.03E+10,5.73E+10,3.32E+10,3.04E+11,3.312287267,1.06366295,1.006369892,OK,OK,OK,ok,,2.531712663,,11.02576262,,,0,0,1
186,E-zmus_z1_122,0.996927382,45.49903654,4.9662123,1.4898638,179.0703183,9.33414895,157.7264391,8.249300101,130.0345244,8.919156509,3.88E+10,1.79E+10,5.93E+09,3.44E+10,2.72E+10,2.59E+11,1.467533727,1.003865466,0.976967273,F,OK,OK,ok,,2.253023605,,10.85707971,,,0,0,1
188,E-zmus_z1_125,0.997852821,61.68315452,2.5132022,0.75396067,147.3905835,50.87306561,136.4673727,42.41129008,144.4906259,15.83827295,1.26E+10,5.82E+09,3.45E+09,1.09E+10,3.88E+10,2.01E+11,4.646871887,0.949844365,0.870412194,OK,OK,OK,ok,,2.168469738,,10.73959723,,,0,0,1
189,E-zmus_z1_127,0.895530604,51.19046143,4.0246596,1.2073978,142.6887837,46.35047459,166.8013539,12.3479625,181.0351678,15.88026606,1.23E+10,5.66E+09,2.30E+09,1.04E+10,3.14E+10,2.33E+11,1.533683943,1.300410689,1.185732486,OK,OK,OK,ok,,2.154389836,,10.66267194,,,0,0,1
201,E-zmus_z1_146,0.862010423,59.25702223,3.146733,0.9440199,221.7848356,73.30630685,254.0862189,17.6447146,238.3711071,24.31401847,3.29E+10,1.52E+10,4.71E+09,2.89E+10,3.10E+10,3.12E+11,13.14496144,1.213607202,1.072146797,OK,OK,OK,ok,,2.345931848,,10.83659111,,,0,0,1
210,E-zmus_z1_166,0.975108116,42.67401965,2.4559138,0.73677415,157.4667677,68.2991005,191.6891113,60.49470844,151.0278594,16.24858861,2.92E+10,1.34E+10,5.98E+09,2.59E+10,3.57E+10,2.54E+11,3.656071719,0.789255112,0.762605764,OK,OK,OK,ok,,2.197188913,,10.85056992,,,0,0,1
217,E-zmus_z1_176,0.958846289,70.75287386,3.3691907,1.0107572,214.3585114,84.08829138,182.1171895,26.91018016,129.0690946,14.67822611,9.93E+09,4.58E+09,4.51E+09,8.73E+09,6.56E+10,2.08E+11,3.388392147,0.924050401,0.804407206,OK,OK,OK,ok,,2.331140732,,10.90338097,,,0,0,1
221,E-zmus_z1_189,0.840015761,39.29096468,3.1578732,0.947362,212.4728516,82.29203022,179.1790535,26.28900563,168.8763328,21.62706962,9.23E+09,4.25E+09,2.66E+09,7.89E+09,5.05E+10,2.45E+11,2.861093939,1.124005207,1.046344985,OK,OK,OK,ok,,2.327303447,,10.79497854,,,0,0,1
222,E-zmus_z1_190,0.813877778,32.58016608,1.4539032,0.43617097,71.33460094,28.8237295,115.7659928,34.30573135,172.1767066,28.57645671,5.56E+09,2.56E+09,1.69E+09,4.65E+09,5.04E+10,2.27E+11,1.592907917,1.039761643,0.966048605,OK,OK,OK,ok,,1.853300236,,10.76093392,,,0,0,1
226,E-zmus_z1_195,0.821741846,44.52388935,2.1924925,0.65774775,38.75327104,37.74297537,39.60157722,37.87822032,144.8745157,86.05610332,9.48E+09,4.37E+09,1.84E+09,7.94E+09,3.54E+10,2.50E+11,3.9850009,1.657891697,1.53228331,OK,OK,F,F,,1.588308366,,10.66921286,,,0,0,1
230,E-zmus_z1_207,0.820057706,40.16058935,4.284553,1.2853659,91.97340104,32.58735317,83.07408139,7.97315444,119.4906931,12.52068872,2.86E+10,1.32E+10,2.96E+09,2.45E+10,2.35E+10,3.20E+11,5.238041307,1.329814961,1.262948992,OK,F,OK,ok,,1.963662246,,10.74150731,,,0,0,1
231,E-zmus_z1_208,0.861795773,63.51411812,1.635211,0.49056333,137.228465,48.32841124,128.1870497,44.01101705,117.4153734,22.01542673,2.30E+09,1.06E+09,1.83E+09,1.93E+09,1.02E+11,1.76E+11,4.515246309,1.4881195,1.239383669,OK,OK,OK,ok,,2.137444206,,11.02447265,,,0,0,1
232,E-zmus_z1_21,0.839075627,25.18152961,3.1547704,0.9464311,131.3211708,46.98718604,161.0448448,14.33441604,157.0840787,15.96505333,3.11E+10,1.43E+10,3.88E+09,2.71E+10,2.78E+10,3.19E+11,4.922185525,1.008078854,0.98168744,OK,F,OK,ok,,2.118334746,,10.79823784,,,0,0,1
237,E-zmus_z1_219,0.976920281,61.97082327,3.3533795,1.0060139,177.7541985,54.72862688,202.5134183,15.65515846,217.0952461,14.9087466,2.64E+10,1.21E+10,9.03E+09,2.40E+10,5.83E+10,2.54E+11,3.613597648,1.004879493,0.920205586,OK,OK,OK,ok,,2.249819867,,10.97184751,,,0,0,1
240,E-zmus_z1_24,0.823131685,73.70416997,3.9,1.1700001,169.865711,54.69666253,127.3213785,8.961607883,187.8770955,11.54257825,1.31E+10,6.03E+09,2.89E+09,1.12E+10,4.26E+10,2.72E+11,2.278754212,1.453360806,1.246391991,OK,OK,OK,ok,,2.230105721,,10.76807443,,,0,0,1
241,E-zmus_z1_27,0.976141776,70.51634648,3.1889703,0.95669115,57.57269709,25.79826459,65.2815675,10.64641465,86.39726879,9.510169476,5.26E+09,2.42E+09,1.92E+09,4.41E+09,4.51E+10,1.70E+11,1.598398949,1.104575785,0.856673261,OK,OK,OK,ok,,1.760216575,,10.71808097,,,0,0,1
244,E-zmus_z1_35,0.804665061,51.84405423,3.724687,1.1174061,179.7234417,57.20130309,240.0086665,15.3915411,245.4480569,10.63816072,2.43E+10,1.12E+10,2.85E+09,2.08E+10,2.66E+10,3.18E+11,5.563393193,1.094647651,1.044000486,OK,OK,OK,ok,,2.254604727,,10.73026923,,,0,0,1
247,E-zmus_z1_41,0.981888476,54.95399283,5.368617,1.6105852,258.6813088,32.10523697,247.8131355,16.25441877,248.0302155,15.69287417,3.14E+10,1.45E+10,3.81E+09,2.72E+10,2.12E+10,2.48E+11,2.045307527,1.292265895,1.111568461,F,OK,OK,ok,,2.41276505,,10.75144314,,,0,0,1
249,E-zmus_z1_49,0.981514335,64.77094084,5.3665767,1.609973,155.5131071,11.36293147,159.1731209,9.522888718,148.6055254,9.49227797,1.93E+10,8.88E+09,4.53E+09,1.69E+10,3.73E+10,2.28E+11,1.491278339,1.69123263,1.594687022,OK,OK,OK,F,,2.191766999,,10.78589118,,,0,0,1
250,E-zmus_z1_50,0.908405849,52.83143497,3.6382983,1.0914896,44.06081485,15.08421067,49.63539679,6.589059342,51.52599798,6.517375645,1.81E+09,8.33E+08,1.32E+09,1.49E+09,8.15E+10,1.51E+11,2.282544629,1.367424126,1.197667368,OK,OK,OK,ok,,1.644052525,,10.92751658,,,0,0,1
253,E-zmus_z1_53,0.83216404,63.32656081,2.7186131,0.81558394,98.27578049,34.95883043,130.0782311,12.97469785,127.2270342,11.36625352,4.38E+09,2.02E+09,1.69E+09,3.66E+09,5.91E+10,2.10E+11,5.985975497,0.939415815,0.81186711,OK,OK,OK,ok,,1.992446502,,10.81381403,,,0,0,1
254,E-zmus_z1_55,0.885166989,49.39702816,3.5452166,1.063565,115.8955988,45.81576814,144.4104222,15.72636813,161.350538,15.23333949,1.14E+10,5.25E+09,2.59E+09,9.72E+09,3.83E+10,2.35E+11,2.74809671,1.278533821,1.159133001,OK,OK,OK,ok,,2.064066944,,10.71887275,,,0,0,1
256,E-zmus_z1_58,0.847670671,29.8411255,1.9201423,0.5760427,63.06431136,24.2572431,139.4482766,41.63651573,178.9696403,15.7233866,9.14E+09,4.21E+09,1.59E+09,7.58E+09,3.00E+10,2.34E+11,5.619776449,1.161270541,1.109432398,OK,OK,OK,ok,,1.799783658,,10.60975224,,,0,0,1
259,E-zmus_z1_65,0.841963839,67.63215663,3.3721917,1.0116575,213.4182949,75.61869102,216.4223321,23.0507533,195.1949554,18.22647631,1.05E+10,4.84E+09,3.19E+09,9.07E+09,5.44E+10,2.53E+11,7.693952639,1.350081276,1.105379792,OK,OK,OK,ok,,2.329231646,,10.83293552,,,0,0,1
263,E-zmus_z1_70,0.858493852,41.53770089,2.591769,0.7775307,186.3286437,79.59828378,146.7356321,17.87903523,156.7352796,19.81989626,2.94E+10,1.36E+10,3.59E+09,2.55E+10,2.61E+10,3.03E+11,3.088362723,1.031686238,0.968902845,OK,OK,OK,ok,,2.270279623,,10.77160216,,,0,0,1
273,E-zmus_z1_86,0.840728362,43.96297949,2.1174657,0.6352398,114.3568457,38.30822377,116.6888004,33.58882942,118.0331037,10.36448192,5.98E+09,2.76E+09,4.30E+09,5.28E+09,1.15E+11,2.32E+11,1.597204549,0.89076705,0.849412605,OK,OK,OK,ok,,2.058262168,,11.09862292,,,0,0,1
279,E-zmus_z1_97,0.977331529,49.99288305,2.8215117,0.8464536,221.4873682,75.94537577,235.6494203,34.08519121,224.7469329,18.86830415,1.49E+10,6.86E+09,7.68E+09,1.35E+10,7.83E+10,2.25E+11,1.807505688,0.787179619,0.744289521,OK,OK,OK,ok,,2.345348963,,11.00365033,,,0,0,1
283,E-zmvvd_z1_12,0.805490042,68.92554188,1.7065506,0.5119652,34.116144,13.74000461,36.41043136,16.11103138,39.65482827,11.39831483,3.54E+09,1.63E+09,1.26E+09,2.91E+09,5.46E+10,2.08E+11,2.520387171,1.547037313,1.325891355,OK,F,OK,F,,1.532959939,,10.77387868,,,0,0,1
287,E-zmvvd_z1_141,0.971498027,66.64880106,5.024217,1.5072652,166.7084957,14.04915837,121.8153485,14.09075328,72.96863485,9.312695096,2.34E+10,1.08E+10,3.47E+09,2.02E+10,2.49E+10,2.37E+11,2.421487198,1.551577684,1.338507018,F,OK,OK,F,,2.221957733,,10.71365175,,,0,0,1
292,E-zmvvd_z1_160,0.966156082,46.3740798,5.1014123,1.5304238,239.2605605,22.37750635,188.1793999,20.34010416,172.6611364,28.11742552,4.75E+10,2.19E+10,6.66E+09,4.24E+10,2.73E+10,2.86E+11,4.255429427,1.668060189,1.5422266,F,OK,OK,F,,2.378871116,,10.91140757,,,0,0,1
298,E-zmvvd_z1_19,0.98266015,65.81501748,4.895118,1.4685354,120.213305,11.66794729,117.6838179,16.59649772,116.9941691,15.92964206,1.59E+10,7.32E+09,3.00E+09,1.36E+10,2.88E+10,2.14E+11,2.92242229,0.911345682,0.787607752,OK,OK,OK,ok,,2.079952537,,10.67805837,,,0,0,1
301,E-zmvvd_z1_24,0.964414399,50.95129484,2.9115334,0.87346005,146.8334257,52.58250985,149.1330654,11.77146511,196.2931559,17.31332867,1.31E+10,6.03E+09,3.30E+09,1.13E+10,3.82E+10,2.14E+11,3.785981592,1.485828836,1.307929887,OK,OK,OK,ok,,2.166824931,,10.736962,,,0,0,1
311,E-zmvvd_z1_57,0.863711502,36.17210664,3.434882,1.0304646,153.4590426,130.8236788,83.18541066,50.27475947,28.5762668,21.57072493,7.75E+09,3.57E+09,2.01E+09,6.52E+09,4.20E+10,2.23E+11,1.093207013,1.538835539,1.335056323,OK,OK,F,ok,,2.185992484,,10.71379944,,,0,0,1
312,E-zmvvd_z1_58,0.834728629,53.59970013,1.2108119,0.36324358,124.7073717,44.47313899,121.8469233,36.54180661,117.0392388,21.98740002,7.89E+09,3.64E+09,3.36E+09,6.85E+09,7.28E+10,2.44E+11,1.66239943,0.84908741,0.787902728,F,OK,OK,ok,,2.095892126,,10.92458141,,,0,0,1
314,E-zmvvd_z1_64,0.904534471,44.94218651,3.6227987,1.0868396,185.307917,69.18265969,191.618786,19.59067331,164.6031344,17.14338403,1.41E+10,6.49E+09,3.63E+09,1.22E+10,4.38E+10,2.42E+11,3.379549462,1.462293973,1.33873865,OK,OK,OK,ok,,2.267893974,,10.7890763,,,0,0,1
317,E-zmvvd_z1_73,0.890048201,62.60214349,4.6029487,1.3808848,303.8649975,110.9787948,290.9624089,11.67569407,219.4613651,23.77859812,5.31E+10,2.45E+10,7.68E+09,4.79E+10,3.29E+10,3.36E+11,1.112973192,0.971271183,0.930615215,OK,OK,OK,ok,,2.482680676,,10.97156386,,,0,0,1
318,E-zmvvd_z1_77,0.837461575,25.14918081,3.148276,0.94448286,196.556202,67.74291866,193.9472945,14.02731744,194.8947461,16.48011019,2.56E+10,1.18E+10,3.83E+09,2.23E+10,3.22E+10,3.08E+11,1.441725054,0.850683304,0.825144104,OK,OK,OK,ok,,2.293486752,,10.79043099,,,0,0,1
319,E-zmvvd_z1_83,0.832684902,64.24092749,1.4549465,0.43648398,75.4554975,27.62246526,71.31467832,23.15201581,66.03394077,15.65888563,1.89E+09,8.72E+08,1.78E+09,1.59E+09,1.21E+11,1.78E+11,1.678472718,0.967701489,0.887353474,OK,OK,OK,ok,,1.877690887,,11.09650832,,,0,1,1
323,S-CFHIZELS-SM14-104965,0.807194469,49.81161384,2.9492457,1.3595351,219.2665558,82.03528818,226.6715058,29.24716663,211.5170467,19.69718249,1.27E+10,5.87E+09,2.39E+09,1.08E+10,3.71E+10,2.76E+11,3.596298108,1.136344262,1.102415689,OK,OK,OK,ok,,2.340972395,,10.71789971,,,0,0,1
324,S-CFHIZELS-SM14-107086,0.8063155,63.50791386,3.730886,1.7198534,105.5843218,35.01801586,161.0194355,5.757127883,182.0859657,7.976386724,2.30E+10,1.06E+10,2.12E+09,1.93E+10,2.06E+10,3.08E+11,4.059446329,1.684705997,1.574230471,OK,OK,OK,F,,2.023599435,,10.65992908,,,0,0,1
328,S-CFHIZELS-SM14-117442,0.807887161,25.82869051,2.0932713,0.9649504,163.0175424,51.23632829,169.7053155,59.84278626,179.2403725,29.28372002,1.04E+10,4.79E+09,2.02E+09,8.76E+09,3.68E+10,2.62E+11,6.597526729,1.070236163,1.046191521,OK,OK,OK,ok,,2.212234342,,10.69235857,,,0,0,1
330,S-CFHIZELS-SM14-118544,0.804719591,61.86129435,2.9401493,1.3553419,134.7910399,43.15804034,140.3346916,9.358491956,134.2493183,10.09987168,7.75E+09,3.57E+09,2.39E+09,6.60E+09,5.56E+10,2.52E+11,1.170644849,0.917446349,0.871035915,OK,OK,OK,ok,,2.129661024,,10.81795144,,,0,0,1
331,S-CFHIZELS-SM14-138499,0.82198695,59.53808681,2.1297607,0.98177123,208.5154132,84.06422991,201.3045081,65.12847656,180.0034517,20.58237463,1.08E+10,4.97E+09,4.63E+09,9.53E+09,8.00E+10,2.70E+11,1.502973854,0.968357832,0.920772638,OK,OK,OK,ok,,2.319138163,,10.97946606,,,0,0,1
332,S-CFHIZELS-SM14-139428,0.807658416,72.98894461,3.7371938,1.7227613,254.5506976,81.13298051,253.9529825,27.8862788,237.0421412,22.60307232,3.92E+09,1.81E+09,2.09E+09,3.32E+09,8.34E+10,2.17E+11,10.49815758,1.11446557,1.005089671,OK,OK,OK,ok,,2.405774292,,10.95147011,,,0,0,1
333,S-CFHIZELS-SM14-145965,0.819211657,60.86420827,4.7825093,2.869506,189.0170937,15.03907325,204.8042214,10.30378614,200.5189343,10.7197301,1.08E+10,4.97E+09,2.88E+09,9.27E+09,5.00E+10,2.64E+11,2.897308079,0.959865352,0.918136168,OK,OK,OK,ok,,2.276501081,,10.80357776,,,0,0,1
334,S-CFHIZELS-SM14-148830,0.813597442,41.8173038,2.1080093,0.9717443,128.984487,40.52228871,148.1553839,9.741823027,155.6539732,13.7316433,1.22E+10,5.60E+09,3.15E+09,1.05E+10,5.03E+10,2.75E+11,2.164139969,1.714473061,1.640674755,OK,OK,OK,F,,2.110537481,,10.81691593,,,0,0,1
336,S-CFHIZELS-SM14-159913,0.8176444,53,2.9499652,1.7699791,124.3385679,55.28161127,128.0091626,20.40058734,135.5816621,12.60727798,2.61E+09,1.20E+09,2.01E+09,2.21E+09,1.09E+11,1.97E+11,4.454098718,1.444254209,1.336926721,OK,OK,OK,ok,,2.094605861,,11.05471014,,,0,0,1
337,S-CFHIZELS-SM14-164290,0.816475812,36.76463939,2.7790155,0,110.7828523,39.90029991,98.31473729,11.27042811,59.82240371,9.05873118,9.84E+09,4.53E+09,2.51E+09,8.39E+09,4.72E+10,2.59E+11,1.036992075,0.783876852,0.733571853,OK,F,OK,ok,,2.044472543,,10.77520118,,,0,0,1
338,S-CFHIZELS-SM14-172833,0.804706513,54.7054101,5.205981,3.1235888,335.2331766,21.63569812,264.765051,27.30338451,265.4278538,29.58238737,5.26E+09,2.42E+09,1.29E+09,4.33E+09,4.09E+10,2.25E+11,4.883008623,1.689360518,1.587341356,F,OK,OK,F,,2.525346992,,10.6758034,,,0,0,1
345,S-CFHIZELS-SM14-216212,0.811673944,53,2.7626717,0,37.42133712,15.63736986,71.65243962,10.7755975,76.77489603,12.00252064,2.09E+09,9.65E+08,1.43E+09,1.74E+09,9.34E+10,1.87E+11,1.518828793,0.987207747,0.930616098,OK,OK,OK,ok,,1.573119301,,10.98645271,,,0,0,1
346,S-CFHIZELS-SM14-228100,0.816892455,53,2.1381419,1.2828851,94.28618062,34.00149193,101.6820015,10.48402027,112.366126,10.17193352,1.95E+09,8.97E+08,1.81E+09,1.64E+09,1.24E+11,1.85E+11,1.003338166,0.773633089,0.740807558,OK,OK,OK,ok,,1.974448044,,11.10760765,,,0,1,1
363,S-CFHT-NBJ-2048,0.815117006,53,2.6084435,1.5650661,124.8383215,44.54443564,110.1022323,15.82992628,95.60899047,10.44523454,1.36E+09,6.26E+08,1.13E+09,1.12E+09,1.04E+11,1.68E+11,2.343340638,0.734964313,0.68582706,OK,OK,OK,ok,,2.096347921,,11.02670923,,,0,1,1
364,S-CFHT-NBJ-956,0.808736768,64.3962938,3.7420652,1.7250068,78.10860326,7.93383894,126.2961587,8.915085441,162.9949141,11.37110906,7.19E+09,3.32E+09,1.56E+09,5.98E+09,3.81E+10,2.40E+11,5.048685209,1.343593208,1.253431345,OK,OK,OK,ok,,1.892698872,,10.67065773,,,0,0,1
367,S-NBJ-CFHT-1713,0.761876155,69.31746139,2.7834086,1.283088,126.7876781,46.67106723,159.1759379,18.65309604,206.3832158,10.10464017,1.03E+10,4.75E+09,1.83E+09,8.64E+09,3.66E+10,2.84E+11,4.422952897,1.68860791,1.581611557,OK,OK,OK,F,,2.103077048,,10.6876271,,,0,0,1
371,S-NBJ-CFHT-1739,0.803848966,40.61038013,2.082567,0.960016,183.6907046,53.78975612,175.5390493,6.204441583,189.1826675,13.95113638,2.71E+10,1.25E+10,4.12E+09,2.37E+10,3.53E+10,3.32E+11,7.150933344,1.261982721,1.178813831,OK,OK,OK,ok,,2.26408718,,10.82267938,,,0,0,1
373,S-NBJ-CFHT-1745,0.817216932,49.86172185,2.1171663,0.9759654,160.1986012,50.02817802,176.4436495,7.209180542,216.6705567,6.497572976,4.98E+09,2.29E+09,2.34E+09,4.24E+09,7.58E+10,2.25E+11,2.408717098,0.976883858,0.942272153,OK,OK,OK,ok,,2.20465872,,10.91982074,,,0,0,1
374,S-NBJ-CFHT-1759,0.803153784,27.09851391,3.1302242,1.8781346,306.0160359,99.35643546,323.5779468,22.10691866,339.176508,21.24938614,2.17E+10,1.00E+10,5.27E+09,1.93E+10,5.38E+10,3.23E+11,10.4590659,1.144802495,1.093974556,OK,OK,OK,ok,,2.485744185,,10.90752221,,,0,0,1
375,S-NBJ-CFHT-1770,0.772521049,62.19503048,2.0013447,0.9225744,126.2987489,56.54508639,145.4426121,46.46316632,149.8327844,13.24743261,5.46E+09,2.52E+09,2.45E+09,4.67E+09,7.99E+10,2.50E+11,2.22903374,1.252408394,1.1349405,OK,OK,OK,ok,,2.101399049,,10.94364366,,,0,0,1
376,S-NBJ-CFHT-1774,0.812180396,53,2.7643955,0,146.6565151,59.00753725,138.9429876,22.76109162,125.7815701,16.71614402,5.88E+09,2.71E+09,2.75E+09,5.05E+09,7.88E+10,2.37E+11,7.286185175,0.600399678,0.564224588,OK,OK,OK,ok,,2.166301361,,10.94183241,,,0,0,1
377,S-NBJ-CFHT-1787,0.81309285,66.09752325,3.762009,1.7342005,159.2649795,5.032773954,189.4143639,9.818035271,183.5571038,14.39817159,1.82E+10,8.41E+09,3.05E+09,1.57E+10,3.52E+10,2.97E+11,5.970987237,1.695223773,1.598766339,OK,OK,OK,F,,2.20212029,,10.75230998,,,0,0,1
380,S-NBJ-CFHT-1793,0.815569884,74.29584392,4.528201,2.0873976,139.9468296,50.27365708,153.3369853,14.16666115,166.5683,11.93511775,7.47E+09,3.44E+09,2.23E+09,6.33E+09,5.24E+10,2.44E+11,2.03155191,1.102185313,0.818651628,OK,OK,OK,ok,,2.145963064,,10.79330344,,,0,0,1
381,S-NBJ-CFHT-1795,0.808946386,34.31392773,7.21296,4.327776,103.0600238,11.04221963,104.3353614,12.23394628,104.3353614,12.23394628,5.56E+09,2.56E+09,1.91E+09,4.68E+09,5.73E+10,2.31E+11,2.540303627,0.831727749,0.800042369,F,OK,OK,ok,,2.013090238,,10.81147916,,,0,0,1
385,S-NBJ-CFHT-C343,0.809067506,67.81526681,2.0962715,0.96633345,109.3363259,36.96662281,132.9945331,10.4156849,162.5991097,10.99631268,1.07E+10,4.93E+09,1.80E+09,8.94E+09,3.20E+10,2.61E+11,3.149525276,1.535233844,1.406455084,OK,OK,OK,ok,,2.038764476,,10.64828252,,,0,0,1
387,S-zvipe_z1_1055,0.968142356,42.77213059,2.4854577,1.4912746,174.5308209,59.31897238,168.2909997,40.98620507,141.481571,8.106764231,7.13E+09,3.29E+09,3.82E+09,6.21E+09,7.12E+10,1.90E+11,1.948505761,1.603590009,1.442577643,OK,OK,OK,F,,2.241872131,,10.91469665,,,0,0,1
388,S-zvipe_z1_1056,0.84007594,69.07205679,3.0692112,1.4148365,145.6917231,48.2536594,162.7766307,11.73653615,163.4279321,13.71460414,1.88E+10,8.64E+09,3.08E+09,1.61E+10,3.31E+10,2.84E+11,2.449515633,0.978161322,0.859908769,OK,OK,OK,ok,,2.16343488,,10.73964539,,,0,0,1
395,S-zvipe_z1_1066,0.97405976,48.52964008,1.2744509,0.5874928,201.4610368,74.45892588,224.3558723,65.56831038,262.2952728,41.29821739,1.36E+10,6.26E+09,4.60E+09,1.19E+10,5.08E+10,2.16E+11,2.59627069,0.818203828,0.783477579,OK,OK,OK,ok,,2.304191065,,10.83886028,,,0,0,1
397,S-zvipe_z1_1069,0.815069608,52.80865119,2.111762,0.97347414,134.006884,41.39529473,181.8432524,14.02579876,187.6320087,21.24963265,2.02E+10,9.30E+09,2.89E+09,1.73E+10,3.06E+10,3.01E+11,5.064928217,1.257188073,1.188974604,OK,OK,OK,ok,,2.127127109,,10.72994588,,,0,0,1
398,S-zvipe_z1_1070,0.799530419,33.50997729,5.798157,3.4788947,220.4942154,12.72880661,256.7566091,23.30362485,260.9363724,28.16605,6.75E+09,3.11E+09,2.16E+09,5.72E+09,5.68E+10,2.46E+11,4.091303436,0.817112079,0.789969041,F,OK,OK,ok,,2.3433972,,10.81744407,,,0,0,1
407,S-zvipe_z1_1168,0.89917577,53,2.29,1.3740001,58.11409857,23.28495806,77.16210393,25.46211489,97.87247258,10.15838901,1.33E+09,6.15E+08,1.03E+09,1.09E+09,8.31E+10,1.43E+11,2.656167523,1.156424638,1.112311405,OK,OK,OK,ok,,1.764281506,,10.93156855,,,0,0,1
409,S-zvipe_z1_1172,0.808350852,37.64579253,3.7403374,1.7242104,124.6906992,41.94746106,102.9307168,7.190630035,94.89894389,8.136415446,1.06E+10,4.88E+09,2.21E+09,8.97E+09,3.97E+10,2.64E+11,1.374512305,0.917309826,0.888045154,OK,OK,OK,ok,,2.09583406,,10.72054802,,,0,0,1
411,S-zvipe_z1_1282,0.815467097,43.41418944,2.7290645,1.6374388,203.5742313,72.46130458,279.2834497,36.33532302,259.1618708,27.53284913,1.93E+10,8.88E+09,2.41E+09,1.64E+10,2.65E+10,2.95E+11,3.906185166,0.882762944,0.819865355,OK,OK,OK,ok,,2.308722804,,10.68313607,,,0,0,1
414,S-zvipe_z1_1304,0.973408141,32.59165253,1.2737037,0.58714837,275.2272103,78.88961465,274.7182895,63.79820308,274.3723232,7.559517111,3.00E+10,1.38E+10,6.85E+09,2.69E+10,4.02E+10,2.58E+11,1.809590876,0.933989513,0.922072802,OK,OK,OK,ok,,2.439691368,,10.88655422,,,0,0,1
415,S-zvipe_z1_1306,0.821404557,53.96410473,3.0010967,1.3834373,49.88285197,45.28727959,92.74775981,55.07425134,72.42104671,42.99834395,7.06E+09,3.26E+09,1.41E+09,5.83E+09,3.43E+10,2.32E+11,1.315527983,1.740212676,1.695871508,OK,OK,F,F,,1.697951276,,10.63076035,,,0,0,1
417,S-zvipe_z1_1315,0.819721297,65.99039215,2.99501,1.3806314,201.6153007,79.93156517,190.2065049,25.86305758,186.6689276,17.29281384,1.23E+10,5.66E+09,2.48E+09,1.05E+10,3.89E+10,2.68E+11,5.05780591,1.29467768,1.181379088,OK,OK,OK,ok,,2.304523488,,10.72928407,,,0,0,1
419,S-zvipe_z1_1318,0.924631082,49.12205749,3.1471405,0,186.4438182,67.65163571,204.2896941,17.03780789,193.510562,9.964842537,1.38E+10,6.38E+09,2.63E+09,1.18E+10,3.12E+10,2.28E+11,2.1892197,1.296440596,1.178831977,OK,OK,OK,ok,,2.270547988,,10.67781938,,,0,0,1
420,S-zvipe_z1_1320,0.924574822,53,6.1699443,3.7019665,115.2040065,14.31773342,129.940216,12.29539903,129.940216,12.29539903,1.48E+10,6.80E+09,2.93E+09,1.26E+10,3.29E+10,2.33E+11,3.568126186,1.335755285,1.157558816,OK,OK,OK,ok,,2.061467583,,10.70372374,,,0,0,1
421,S-zvipe_z1_1322,0.841009956,27.75858042,2.5947118,1.5568272,67.943908,26.33711938,84.65145536,8.038647641,67.71740128,7.806817401,2.13E+10,9.83E+09,3.58E+09,1.85E+10,3.47E+10,2.94E+11,1.772154308,0.870570981,0.860145551,OK,F,OK,ok,,1.832150523,,10.77543987,,,0,0,1
426,S-zvipe_z1_1530,0.818540738,52.04532436,2.990567,1.3785833,89.07963437,30.79749832,95.58894443,8.20627858,83.54032433,7.534786456,1.05E+10,4.84E+09,2.51E+09,8.95E+09,4.46E+10,2.61E+11,1.235278518,0.903749957,0.864057124,OK,F,OK,ok,,1.949778426,,10.76071355,,,0,0,1
427,S-zvipe_z1_1531,0.927871857,44.99473003,1.214008,0.55963004,341.5206953,99.07943651,339.5371925,81.03166884,335.9985308,45.69819877,9.31E+10,4.29E+10,8.53E+09,8.42E+10,2.18E+10,3.53E+11,1.898646748,0.856767508,0.818627779,OK,F,OK,ok,,2.533417026,,11.09149877,,,0,0,1
428,S-zvipe_z1_1532,0.862062274,53,2.934177,0,179.0323841,58.89765971,137.108598,16.13713843,127.4925381,12.67198472,5.88E+09,2.71E+09,2.51E+09,5.01E+09,6.56E+10,2.15E+11,4.208756379,0.958400356,0.905243016,OK,OK,OK,ok,,2.252931595,,10.86892087,,,0,0,1
431,S-zvipe_z1_1538,0.855393115,53,2.8297935,1.6978761,170.0630438,64.21611573,169.4293951,19.05897096,173.0499796,12.94036763,7.82E+09,3.60E+09,2.07E+09,6.59E+09,4.36E+10,2.28E+11,12.17317385,1.038558967,1.015200215,OK,OK,OK,ok,,2.230609948,,10.72810576,,,0,0,1
433,S-zvipe_z1_1540,0.853700713,59.75629639,2.2117953,1.0195873,165.6818745,58.35293179,170.3401795,49.47205366,191.2429628,14.30476904,8.34E+09,3.84E+09,2.21E+09,7.05E+09,4.44E+10,2.32E+11,3.089273534,1.327152201,1.22078235,OK,OK,OK,ok,,2.219275,,10.7395891,,,0,0,1
435,S-zvipe_z1_1542,0.815544471,56.91490233,2.112905,0.9740011,172.1029007,54.82620679,182.4601476,49.02454544,185.5619112,16.21929393,4.03E+10,1.86E+10,5.24E+09,3.56E+10,3.20E+10,3.56E+11,1.920037515,0.917096868,0.853714193,OK,OK,OK,ok,,2.23578819,,10.88925895,,,0,0,1
436,S-zvipe_z1_1543,0.842992417,40.79667368,2.1840549,1.0067996,210.4636399,62.85768984,231.9291336,9.892990639,191.6964994,11.59528649,3.14E+10,1.45E+10,5.06E+09,2.77E+10,3.58E+10,3.22E+11,1.092170033,1.018605554,0.989580221,OK,OK,OK,ok,,2.323177077,,10.85891164,,,0,0,1
443,S-zvipe_z1_1575,0.993940046,35.49682653,1.3005438,0.59952104,222.7468163,63.19071043,224.4590983,52.70743373,227.2150651,31.03866213,3.03E+10,1.39E+10,5.83E+09,2.69E+10,3.28E+10,2.48E+11,1.437802795,1.017157535,0.98288061,F,OK,OK,ok,,2.347811505,,10.83807046,,,0,0,1
445,S-zvipe_z1_1577,0.842758327,55.73647229,2.1835556,1.0065694,75.26858684,27.92860889,62.14507919,20.63409718,126.2461792,10.94602158,1.42E+10,6.55E+09,2.75E+09,1.22E+10,3.67E+10,2.66E+11,2.490369166,1.736943123,1.688042495,OK,OK,OK,F,,1.876613762,,10.72958326,,,0,0,1
448,S-zvipe_z1_1580,0.842900447,38.10333512,2.4587634,1.4752581,191.5127092,69.01219266,186.4980145,18.66574922,179.905345,15.55331199,1.40E+10,6.44E+09,3.03E+09,1.20E+10,4.10E+10,2.67E+11,12.51910347,0.711326464,0.693714551,OK,OK,OK,ok,,2.2821976,,10.76336381,,,0,0,1
454,S-zvipe_z1_1991,0.823963682,33.47790276,3.542403,2.125442,192.0776225,61.65223837,201.8204853,16.0165542,196.4169992,16.46078511,2.30E+10,1.06E+10,5.34E+09,2.04E+10,5.03E+10,3.15E+11,2.208226034,0.732548379,0.704470958,OK,OK,OK,ok,,2.283476772,,10.89536266,,,0,0,1
459,S-zvipe_z1_2064,0.874803565,63.74808812,2.2665305,1.044819,178.3292306,54.06062769,194.1457134,49.50450189,191.6029272,12.45455742,3.88E+10,1.79E+10,7.41E+09,3.50E+10,4.19E+10,3.24E+11,2.656804223,1.135299031,1.000569533,OK,OK,OK,ok,,2.251222536,,10.94491233,,,0,0,1
460,S-zvipe_z1_2065,0.873381686,74.97109656,4.849398,2.2354622,98.32241361,6.673315209,95.85915988,7.053177604,92.50296989,8.634707844,1.55E+10,7.12E+09,2.66E+09,1.32E+10,3.15E+10,2.55E+11,1.81064611,1.470998298,1.198839652,F,OK,OK,ok,,1.992652531,,10.69568457,,,0,0,1
474,S-zvipe_z1_2323,0.895426648,45.300774,3.2715826,1.5081251,116.708712,37.68344347,100.6063885,7.67193556,98.67852717,6.697996162,1.33E+10,6.15E+09,2.88E+09,1.14E+10,3.68E+10,2.40E+11,2.302603656,1.416746648,1.311265133,OK,OK,OK,ok,,2.067103276,,10.72461059,,,0,0,1
483,S-zvipe_z1_2597,0.914207164,53,5.341929,3.2051578,164.0707595,14.8359989,165.3119284,12.22064446,182.6788261,11.98412228,4.80E+09,2.21E+09,3.84E+09,4.20E+09,1.08E+11,1.93E+11,3.765130288,1.189854549,1.12678191,OK,OK,OK,ok,,2.215031188,,11.06588288,,,0,0,1
487,S-zvipe_z1_2602,0.927589741,35.3645853,3.1572108,0,174.5303123,67.54547179,173.0751046,18.23173118,165.4619227,13.31209747,4.42E+10,2.04E+10,7.12E+09,3.96E+10,3.31E+10,3.02E+11,2.294902304,0.814737262,0.773035495,OK,F,OK,ok,,2.241870866,,10.92609585,,,0,0,1
488,S-zvipe_z1_2603,0.819440994,54.78006024,2.123207,0.97875017,169.2728849,66.76167091,166.8923847,47.89591693,155.0884411,14.10795723,5.72E+09,2.63E+09,1.82E+09,4.80E+09,5.27E+10,2.27E+11,3.887986393,1.063074306,1.009471775,OK,OK,OK,ok,,2.228587396,,10.77974727,,,0,0,1
495,S-zvipe_z1_2612,0.961952948,27.68777914,1.258795,0.58027583,114.0135932,45.89390497,102.2675105,35.78515665,82.44882139,20.10271895,2.61E+10,1.20E+10,3.92E+09,2.27E+10,2.62E+10,2.48E+11,1.325804435,0.855470705,0.828097383,OK,F,OK,ok,,2.056956633,,10.749762,,,0,0,1
500,S-zvipe_z1_2740,0.824578614,46.69409449,1.2762972,0.76577836,196.7749824,82.58317384,176.8727881,62.92889884,146.7185174,33.38531893,1.60E+10,7.39E+09,3.80E+09,1.40E+10,4.76E+10,2.87E+11,2.427804722,0.832126246,0.803103802,OK,F,OK,ok,,2.293969882,,10.82882147,,,0,0,1
506,S-zvipe_z1_3488,0.969577476,41.29472093,1.2687074,0.5848452,165.4332853,61.56812544,160.9360415,51.49725771,153.4344832,33.15267578,2.19E+10,1.01E+10,4.34E+09,1.92E+10,3.29E+10,2.38E+11,3.10268697,1.283298588,1.202842414,OK,F,OK,ok,,2.218622894,,10.77194863,,,0,0,1
510,S-zvipe_z1_3500,0.821218208,53,1.2165413,0.7299248,99.97514309,35.71968646,92.84693063,29.04870577,81.09890378,18.18281912,5.77E+09,2.66E+09,1.49E+09,4.78E+09,4.26E+10,2.24E+11,1.365561407,1.047608289,0.961835732,OK,F,OK,ok,,1.999892034,,10.69802149,,,0,0,1
511,S-zvipe_z1_3506,0.961209713,38.20408506,2.4905024,1.1480649,285.2381887,85.14590641,265.5315794,59.66573392,264.0719533,18.43939126,2.32E+10,1.07E+10,2.57E+09,1.96E+10,1.89E+10,2.37E+11,14.43115559,1.555199596,1.35773265,OK,OK,OK,F,,2.45520767,,10.64978574,,,0,0,1
519,S-zvipe_z1_817,0.910927808,53,3.5207057,2.1124234,140.9635936,6.982748023,123.3067709,11.24482862,103.158364,7.608097288,2.81E+09,1.30E+09,1.42E+09,2.33E+09,6.14E+10,1.65E+11,5.268620261,1.039654093,0.962344029,OK,OK,OK,ok,,2.149106963,,10.81696458,,,0,0,1
520,S-zvipe_z1_819,0.920533461,53,3.301965,1.981179,94.47391199,35.28350832,83.34928764,12.68493844,119.5945901,13.84046847,1.45E+09,6.68E+08,1.32E+09,1.20E+09,9.57E+10,1.42E+11,4.063765939,0.727150073,0.679405123,OK,OK,OK,ok,,1.975311899,,10.99318666,,,0,1,1
528,S-zvvd_z1_186,0.822469938,63.4407192,3.8056493,1.7543176,198.0558318,58.30010437,193.0563451,7.996431159,189.5029186,12.80695528,5.31E+10,2.45E+10,3.94E+09,4.61E+10,1.90E+10,3.65E+11,3.528886494,0.968805336,0.903339579,OK,OK,OK,ok,,2.296787635,,10.88113546,,,0,0,1
530,S-zvvd_z1_206,0.807419543,67.48436152,5.2066064,2.400127,166.1241278,11.88724127,167.6985637,16.16293735,169.8680322,17.10281235,2.92E+10,1.34E+10,2.93E+09,2.50E+10,2.34E+10,3.28E+11,1.444721066,1.101775791,0.956574347,OK,OK,OK,ok,,2.220432714,,10.74466461,,,0,0,1
534,S-zvvd_z1_450,0.840096996,65.55989178,6.1531253,2.8364508,99.35869479,58.54136904,50.13925659,31.53412453,60.95474552,37.22850522,2.30E+10,1.06E+10,2.69E+09,1.96E+10,2.46E+10,2.93E+11,2.337092064,1.055416851,0.971562332,OK,OK,F,ok,,1.997205878,,10.70099427,,,0,0,1
535,S-zvvd_z1_458,0.924319351,40.44520386,1.2093868,0.55749977,250.7466555,88.5731558,246.7325347,75.20972145,239.527188,49.77415035,7.06E+10,3.26E+10,3.59E+09,6.08E+10,1.15E+10,3.20E+11,17.07207892,1.70086992,1.615114227,OK,F,OK,F,,2.399235149,,10.93324527,,,0,0,1
536,S-zvvd_z1_475,0.901271987,45.20649697,3.2928438,1.517926,103.8128468,35.00438879,96.23774644,8.361535521,86.103449,9.881865509,5.26E+10,2.42E+10,6.14E+09,4.68E+10,2.60E+10,3.24E+11,2.261631815,1.028559794,0.984686116,OK,F,OK,ok,,2.016251101,,10.92806414,,,0,0,1
539,S-zvvd_z1_503,0.991856585,42.26076902,3.3759542,0,86.90451363,36.55807777,100.5712621,15.88122973,92.98260997,11.25887651,7.19E+09,3.32E+09,2.22E+09,6.07E+09,3.95E+10,1.77E+11,2.841023732,1.703973435,1.614773454,OK,OK,OK,F,,1.939042333,,10.68943225,,,0,0,1
542,S-zvvd_z1_888,0.832809407,53,2.8346097,0,102.5979755,36.31738168,113.2086407,9.815364459,114.5109273,9.051070305,2.84E+09,1.31E+09,1.34E+09,2.35E+09,6.64E+10,1.90E+11,1.799367203,1.189353388,1.110054762,OK,OK,OK,ok,,2.011138791,,10.84840618,,,0,0,1
553,U-HiZ_z1_114,0.832713052,52.6199016,2.1673918,0,180.7123022,68.5835723,156.3483489,43.73562021,166.104549,12.77707149,1.36E+10,6.26E+09,3.82E+09,1.19E+10,5.38E+10,2.74E+11,1.267006548,0.784651314,0.717824945,OK,OK,OK,ok,,2.256987719,,10.85250455,,,0,0,1
556,U-HiZ_z1_123,0.838422724,48.52173944,2.2725632,1.363538,243.0941034,84.72143414,218.570756,64.62834238,180.5196929,21.03195,1.69E+10,7.81E+09,2.90E+09,1.45E+10,3.39E+10,2.78E+11,5.839735644,0.844326023,0.77751534,OK,OK,OK,ok,,2.385774425,,10.73038101,,,0,0,1
560,U-HiZ_z1_132,0.841548603,30.15313943,2.4271846,0.94784594,131.0937041,41.06816126,145.9343838,6.368597755,126.8480865,8.071087324,2.28E+10,1.05E+10,3.09E+09,1.95E+10,2.83E+10,2.94E+11,4.194284627,1.005613508,0.979875656,OK,OK,OK,ok,,2.117581835,,10.73384831,,,0,0,1
563,U-HiZ_z1_139,0.841690919,59.11697114,1.8334421,0.715982,126.9125087,40.64051599,156.5537285,40.56762797,166.7108015,9.88922008,1.08E+10,4.97E+09,3.35E+09,9.35E+09,5.59E+10,2.56E+11,1.313864379,0.895143959,0.84062325,OK,OK,OK,ok,,2.103504429,,10.84548791,,,0,0,1
572,U-HiZ_z1_204,0.839484702,56.23119525,1.8285182,0.7140592,202.2760773,76.10223124,184.5064727,57.17800352,185.7828313,16.44082558,1.11E+10,5.11E+09,3.02E+09,9.55E+09,4.94E+10,2.56E+11,1.79852138,0.821362076,0.788240427,OK,OK,OK,ok,,2.305944523,,10.80301062,,,0,0,1
573,U-HiZ_z1_205,0.843690839,50.20669396,2.4331105,0.9501601,207.6810981,69.32715263,198.0191317,15.48790012,189.8669637,12.00718688,2.97E+10,1.37E+10,2.96E+09,2.54E+10,2.19E+10,3.08E+11,4.871463105,1.178100005,1.117053569,OK,OK,OK,ok,,2.317396971,,10.73662602,,,0,0,1
574,U-HiZ_z1_208,0.836158015,66.44967323,4.9710264,1.941248,177.7633166,22.2680487,216.8022294,6.932259084,205.3502079,9.253403295,9.66E+09,4.45E+09,3.07E+09,8.33E+09,5.65E+10,2.51E+11,2.209805921,1.216907578,1.133802122,OK,OK,OK,ok,,2.249842145,,10.84022899,,,0,0,1
576,U-HiZ_z1_31,0.835747551,68.84773244,2.957641,1.1549958,97.20992813,32.17197145,120.708462,10.44362137,131.746655,12.64516528,6.10E+09,2.81E+09,3.31E+09,5.29E+09,8.82E+10,2.31E+11,1.958733747,1.042831338,0.96975097,OK,OK,OK,ok,,1.987710622,,10.98965574,,,0,0,1
577,U-HiZ_z1_33,0.838367625,56.32227249,1.8261697,0.7131421,69.9739967,26.08465511,83.321781,26.07614575,91.67500058,10.02888648,1.06E+10,4.88E+09,1.63E+09,8.80E+09,2.77E+10,2.46E+11,1.396489875,1.637351725,1.48574541,OK,F,OK,F,,1.84493668,,10.6016139,,,0,0,1
583,U-HiZ_z1_44,0.833836328,52.75784901,3.4721093,1.3559021,102.0095337,41.04026284,221.7322961,24.70134857,228.5992161,24.55773641,3.78E+10,1.74E+10,3.76E+09,3.28E+10,2.33E+10,3.33E+11,4.553917065,1.731008585,1.674264222,OK,OK,OK,F,,2.008640762,,10.81197539,,,0,0,1
584,U-HiZ_z1_49,0.963470663,47.61673669,2.7786853,1.0851113,168.7085956,71.68528644,150.6588727,21.75124643,115.4545099,11.9745545,9.75E+09,4.49E+09,2.46E+09,8.27E+09,3.60E+10,1.99E+11,2.640457541,1.662731106,1.531885165,OK,OK,OK,F,,2.22713721,,10.68282387,,,0,0,1
594,U-HiZ_z1_84,0.840263632,53,2.1870446,0,67.14211596,29.0663364,70.34171238,25.29964778,74.13318068,10.42577776,1.66E+09,7.67E+08,1.83E+09,1.40E+09,1.37E+11,1.72E+11,1.574534369,0.822174102,0.7517934,OK,OK,OK,ok,,1.826995024,,11.14705583,,,0,1,1
598,U-HiZ_z1_96,0.839854634,36.4288123,1.748568,1.0491409,290.9685373,97.81258696,296.1956183,78.70316232,297.8309107,16.03415215,3.29E+10,1.52E+10,5.08E+09,2.90E+10,3.49E+10,3.27E+11,4.384512164,0.842861229,0.795120238,OK,OK,OK,ok,,2.463846031,,10.86231847,,,0,0,1
600,U-zuds_z1_100,0.824522973,47.38433188,2.1460745,0,139.0135206,52.23924846,139.5496936,55.01022718,119.3640531,21.36886752,6.44E+09,2.97E+09,3.98E+09,5.66E+09,1.03E+11,2.41E+11,5.800433917,0.791579837,0.752938139,OK,OK,OK,ok,,2.143057042,,11.05638033,,,0,0,1
605,U-zuds_z1_113,0.916177527,53,2.3846338,0,181.6890744,67.40420003,201.348246,62.03456741,195.8841079,27.21123711,2.66E+09,1.23E+09,4.14E+09,2.34E+09,1.86E+11,1.72E+11,7.626316169,0.821513728,0.771151862,OK,OK,OK,ok,,2.259328813,,11.28443391,,,1,1,1
606,U-zuds_z1_118,1.036549887,39.99826108,3.3151658,1.9890995,137.9467742,47.2864544,192.0266335,14.84597967,285.464807,19.82915928,1.56E+10,7.19E+09,3.02E+09,1.33E+10,2.69E+10,1.95E+11,6.468584493,0.651689136,0.619671909,OK,OK,OK,ok,,2.139711549,,10.65838777,,,0,0,1
613,U-zuds_z1_139,0.899760924,38.75860247,1.9598911,0.76536196,104.1181078,33.37818305,121.5002453,32.47645752,140.1000039,11.98928707,1.01E+10,4.66E+09,3.93E+09,8.83E+09,6.22E+10,2.30E+11,2.231301488,0.808186974,0.784330235,OK,OK,OK,ok,,2.017526267,,10.88241638,,,0,0,1
618,U-zuds_z1_147,0.882540585,40.72666228,3.6747413,1.4350324,123.8872207,37.0434134,153.5871034,14.40706402,174.1983288,18.07495143,3.32E+10,1.53E+10,3.76E+09,2.88E+10,2.38E+10,2.98E+11,2.757405793,1.743251126,1.703395136,OK,OK,OK,F,,2.09302651,,10.7834103,,,0,0,1
619,U-zuds_z1_188,0.912776862,51.69232076,3.2073195,0.9621959,95.32867615,32.72588308,113.9503197,9.336137538,118.1063469,10.16844228,9.93E+09,4.58E+09,4.19E+09,8.70E+09,6.59E+10,2.24E+11,3.428091201,1.04721075,1.002027487,OK,OK,OK,ok,,1.979223562,,10.90347436,,,0,0,1
622,U-zuds_z1_220,0.91429774,53,5.226306,3.1357837,101.1755403,64.10460558,92.62584105,56.16819447,104.1364465,61.86477546,1.69E+09,7.81E+08,1.91E+09,1.43E+09,1.23E+11,1.51E+11,1.096952768,0.822246755,0.782030914,OK,OK,F,ok,,2.005075532,,11.10405446,,,0,1,1
651,U-zudsp_z1_115,0.826691341,61.35471368,1.800763,0.7032204,161.7223961,51.0355235,175.0070997,45.23882541,184.2778166,9.710957671,1.62E+10,7.46E+09,4.67E+09,1.43E+10,5.79E+10,2.90E+11,2.340395574,0.856283923,0.815163469,OK,OK,OK,ok,,2.208770167,,10.89629441,,,0,0,1
652,U-zudsp_z1_120,0.827709666,34.83673361,1.2405124,0.74430746,251.5700612,83.48608539,245.7202081,71.06187413,236.379179,47.67032894,6.04E+09,2.78E+09,3.39E+09,5.25E+09,9.22E+10,2.34E+11,5.973415813,1.267582789,1.137454511,OK,OK,OK,ok,,2.400658955,,11.00722988,,,0,0,1
661,U-zudsp_z1_55,0.957974844,55.7389154,2.380947,0.7142841,91.08959195,31.3044135,116.2371427,32.58203797,113.4223369,9.808688497,1.71E+09,7.88E+08,2.44E+09,1.46E+09,1.45E+11,1.43E+11,1.740433016,0.984438703,0.917837175,OK,OK,OK,ok,,1.959468757,,11.17356196,,,1,1,1
663,U-zudsp_z1_62,0.836304646,33.56177279,1.5691053,0.9414632,187.682243,59.30629945,164.7761935,46.75248395,139.1741998,15.57372887,7.75E+09,3.57E+09,1.64E+09,6.45E+09,3.60E+10,2.32E+11,2.809923654,1.199570729,1.10007081,OK,OK,OK,ok,,2.273423185,,10.65709789,,,0,0,1
664,U-zudsp_z1_69,0.967609872,53,4.142549,2.4855297,215.7394106,79.70127363,202.4620792,11.64705964,217.2213691,18.94315016,3.92E+09,1.81E+09,2.31E+09,3.32E+09,6.96E+10,1.64E+11,4.617411054,1.636695628,1.484419753,OK,OK,OK,F,,2.333929488,,10.88003367,,,0,0,1
667,U-zudsp_z1_79,0.815636529,53.42609881,3.5072389,2.1043434,154.5660209,52.99089179,156.1228667,12.3614306,151.0235679,8.346390426,3.74E+09,1.72E+09,2.42E+09,3.20E+09,9.88E+10,2.14E+11,1.633271117,0.798565843,0.768714521,OK,OK,OK,ok,,2.189114027,,11.02113537,,,0,0,1
673,U-zvipe_z1_1081,0.880359668,74.42851363,7.7281384,3.0179346,55.88378766,9.29914971,107.0977134,15.72822793,107.0977134,15.72822793,6.38E+09,2.94E+09,3.50E+09,5.55E+09,8.30E+10,2.16E+11,6.446377054,1.234835518,1.019674052,F,OK,OK,ok,,1.747285834,,10.96806253,,,0,0,1
677,U-zvipe_z1_1821,0.84154785,60.5465775,3.5039103,1.3683208,180.7458677,66.3718016,167.8315852,14.93561675,167.2276451,13.35589181,1.31E+10,6.03E+09,6.02E+09,1.17E+10,8.61E+10,2.75E+11,3.658247063,1.102813077,1.05841204,OK,OK,OK,ok,,2.257068377,,11.0219516,,,0,0,1
680,U-zvipe_z1_1824,0.962579425,38.81654776,2.7760072,1.0840654,204.0045173,72.62311718,169.8135257,17.66642179,175.442302,23.75819981,3.29E+10,1.52E+10,3.91E+09,2.85E+10,2.17E+10,2.59E+11,4.09268102,1.008734581,0.936590329,OK,OK,OK,ok,,2.309639784,,10.7670775,,,0,0,1
681,U-zvipe_z1_1825,0.919619449,58.61001096,2.6520476,1.0356576,69.04758407,62.89750478,76.32894266,48.51214562,349.4930273,192.6231455,1.91E+10,8.80E+09,4.09E+09,1.67E+10,3.77E+10,2.52E+11,6.769695462,1.637747765,1.513068803,OK,OK,F,ok,,1.839148488,,10.78479086,,,0,0,1
686,U-zvipe_z1_1836,0.82761841,37.12668778,2.386751,0.93205607,80.16626511,73.86026732,185.3017355,156.3156646,144.5180824,96.22557353,1.29E+10,5.92E+09,2.33E+09,1.09E+10,3.46E+10,2.66E+11,15.73350299,1.735713474,1.684935731,OK,OK,F,F,,1.903991651,,10.69748014,,,0,0,1
688,U-zvipe_z1_1838,0.802053731,67.02666662,3.825385,1.4938607,98.03963902,30.19694542,158.508208,9.839822965,82.62713158,6.558266897,4.75E+09,2.19E+09,1.91E+09,4.01E+09,6.59E+10,2.27E+11,2.304938069,1.019985161,0.95077717,OK,OK,OK,ok,,1.991401704,,10.86068472,,,0,0,1
690,U-zvipe_z1_247,0.837696549,71.56097004,3.488066,1.3621334,145.9619532,56.48250499,195.9384076,13.21165272,220.520104,7.522567265,7.33E+09,3.38E+09,4.44E+09,6.47E+09,1.02E+11,2.43E+11,2.741114811,0.956556953,0.843443721,OK,OK,OK,ok,,2.164239666,,11.05445213,,,0,0,1
691,U-zvipe_z1_249,0.883391239,53.32972458,1.924246,0.7514421,232.104441,93.89729878,224.4053529,73.71653461,211.2423809,22.63958215,1.76E+10,8.10E+09,4.63E+09,1.55E+10,4.85E+10,2.66E+11,1.896868661,0.975048963,0.933036679,OK,OK,OK,ok,,2.36568345,,10.84944684,,,0,0,1
692,U-zvipe_z1_251,0.840195655,45.79948466,1.8301002,0.714677,213.5047095,80.67115629,195.3301757,61.81524972,197.1236565,18.66910162,1.19E+10,5.50E+09,5.81E+09,1.07E+10,8.96E+10,2.70E+11,1.758310155,0.770590132,0.735587177,OK,OK,OK,ok,,2.329407459,,11.03058645,,,0,0,1
696,U-zvipe_z1_4550,0.88862081,36.75330532,1.9356444,0.7558933,145.7325908,47.78476238,167.1770253,41.83730283,169.796852,7.441832824,2.43E+10,1.12E+10,4.36E+09,2.12E+10,3.50E+10,2.79E+11,2.515205293,0.970943031,0.945006389,OK,OK,OK,ok,,2.163556686,,10.80362476,,,0,0,1
698,U-zvipe_z1_4553,0.918761761,38.74157453,2.6497772,1.0347711,264.3654833,86.27576419,209.6719269,9.961525638,156.7947077,12.33101319,1.96E+10,9.05E+09,3.72E+09,1.70E+10,3.36E+10,2.52E+11,1.081279971,1.040605501,0.999638787,OK,OK,OK,ok,,2.422204751,,10.75533404,,,0,0,1
700,U-zvipe_z1_4555,0.890681663,55.53827381,1.2161971,0.47494018,180.4068327,57.29925826,180.2253451,50.10720373,179.9105407,35.28745605,1.16E+10,5.35E+09,4.64E+09,1.02E+10,6.69E+10,2.42E+11,3.28137683,1.010956649,0.934899345,OK,OK,OK,ok,,2.256252982,,10.91972052,,,0,0,1
704,U-zvipe_z1_4562,0.917180615,47.07165281,3.8190029,1.4913684,194.4794967,72.41062484,273.0927859,24.95067782,226.7881132,6.023533231,2.89E+10,1.33E+10,2.94E+09,2.47E+10,1.95E+10,2.69E+11,1.660739096,1.666089709,1.542224915,OK,OK,OK,F,,2.288873822,,10.71054084,,,0,0,1
705,U-zvipe_z1_4563,0.900588564,61.46172353,5.3542953,2.0909193,281.5180547,20.83514593,274.4188933,16.89704979,278.2620851,7.82257405,1.10E+10,5.06E+09,3.09E+09,9.46E+09,4.57E+10,2.30E+11,1.160307495,1.653141015,1.550667081,OK,OK,OK,ok,,2.449506253,,10.77681133,,,0,0,1
706,U-zvipe_z1_4564,0.918021254,61.45261068,3.2486541,1.26864,284.6356204,97.01797583,232.7618925,23.92809513,265.7482464,34.29103534,4.84E+10,2.23E+10,3.89E+09,4.19E+10,1.71E+10,3.02E+11,12.85422269,1.349114833,1.135460832,OK,OK,OK,ok,,2.454289248,,10.84135335,,,0,0,1
716,U-zvipe_z1_4737,0.804338758,57.22057617,2.319822,0.9059195,85.83169114,73.03380223,112.435564,89.3288402,93.14430585,56.89890181,3.81E+09,1.76E+09,1.15E+09,3.12E+09,4.71E+10,2.10E+11,4.213261497,1.188221885,1.10991267,OK,OK,F,ok,,1.933647669,,10.71670771,,,0,0,1
717,U-zvipe_z1_4742,0.83930001,67.19110288,2.9701536,1.1598821,120.4050717,37.72893719,153.1661785,14.66256267,154.9694574,24.77309455,4.93E+09,2.27E+09,1.78E+09,4.13E+09,5.57E+10,2.12E+11,5.445860619,1.148936397,0.99199748,OK,OK,OK,ok,,2.080644781,,10.79511005,,,0,0,1
719,U-zvipe_z1_4766,0.807178247,48.31682684,3.180804,0.9542412,161.3947876,51.04878413,189.7915992,14.37315562,173.1214794,12.04860337,6.04E+09,2.78E+09,1.35E+09,4.98E+09,3.81E+10,2.31E+11,2.054292896,1.043055248,1.000798492,OK,OK,OK,ok,,2.207889505,,10.65819357,,,0,0,1
722,U-zvipe_z1_4773,0.857262318,30.38181038,1.6582869,0.4974861,143.047177,47.96584449,128.9299253,39.98134935,116.6715405,16.5626958,4.98E+09,2.29E+09,1.42E+09,4.11E+09,4.29E+10,2.03E+11,3.015753725,0.876332659,0.825901627,F,OK,OK,ok,,2.155479292,,10.69280901,,,0,0,1
723,U-zvipe_z1_4774,0.973278854,44.63995484,2.7743428,0.83230287,97.29895087,31.22687649,95.62105339,6.569246203,94.52416084,6.621151084,8.73E+09,4.02E+09,4.45E+09,7.67E+09,7.01E+10,1.98E+11,2.901063452,0.800883544,0.774652471,OK,OK,OK,ok,,1.988108157,,10.92056203,,,0,0,1
725,U-zvipe_z1_4777,0.915145177,59.08484165,3.2386749,1.264743,97.75826767,33.17549829,111.3808498,10.8412667,174.5754297,12.18772804,1.12E+10,5.16E+09,3.95E+09,9.77E+09,5.62E+10,2.28E+11,3.797270563,0.956110295,0.913988899,OK,OK,OK,ok,,1.990153497,,10.85330527,,,0,0,1
726,U-zvipe_z1_4780,0.878041146,47.94298207,3.1073668,1.2134656,161.5290468,49.5360813,177.7839037,9.398924952,182.3960196,8.840248852,1.17E+10,5.40E+09,4.70E+09,1.03E+10,6.88E+10,2.48E+11,3.549791869,0.840733488,0.819197213,OK,OK,OK,ok,,2.20825063,,10.93055109,,,0,0,1
730,U-zvipe_z1_4857,0.895036505,43.76334275,3.7270985,2.2362592,192.185192,68.16452473,202.7123334,12.09476102,179.3008144,14.23569024,7.82E+09,3.60E+09,3.27E+09,6.76E+09,6.42E+10,2.18E+11,1.79354609,0.722484948,0.692445,OK,OK,OK,ok,,2.283719922,,10.87672363,,,0,0,1
732,U-zvipe_z1_4958,0.802183513,60.03340216,1.7474563,0.6824035,209.2287887,80.24816938,197.883003,61.93585155,191.608289,17.7196161,9.48E+09,4.37E+09,2.48E+09,8.09E+09,4.94E+10,2.63E+11,1.415293676,1.036527265,0.931352027,OK,OK,OK,ok,,2.320621441,,10.78763289,,,0,0,1
735,U-zvipe_z1_5083,0.988869293,65.52602977,4.716829,1.8419807,140.3703682,43.26377336,168.8381254,7.242828882,157.0714206,6.63702997,1.57E+10,7.25E+09,4.74E+09,1.38E+10,4.53E+10,2.17E+11,1.933105582,1.654560984,1.545215192,OK,OK,OK,F,,2.147275439,,10.81822688,,,0,0,1
738,U-zvipe_z1_5094,0.822818839,49.43834361,2.1953702,0.65861106,59.21103265,51.12786258,127.1793932,95.77716666,99.01347559,59.64287984,7.96E+09,3.67E+09,2.40E+09,6.78E+09,5.29E+10,2.45E+11,3.656945614,1.504601148,1.337523159,OK,OK,F,ok,,1.772402635,,10.80109843,,,0,0,1
741,U-zvipe_z1_5100,0.958943328,56.7868372,3.3936515,1.3252633,182.9186329,73.69042289,155.721008,20.89730242,138.3209436,9.253002753,1.03E+10,4.75E+09,3.02E+09,8.85E+09,4.27E+10,2.05E+11,5.537044667,1.50478773,1.320975019,OK,OK,OK,ok,,2.262257947,,10.74809721,,,0,0,1
742,U-zvipe_z1_5101,0.804249791,69.51565853,5.7033997,2.227249,124.6084353,8.655629984,115.2074936,7.681446332,131.4474486,9.920691683,6.68E+09,3.08E+09,2.98E+09,5.77E+09,7.81E+10,2.48E+11,1.256261393,1.315983591,1.241799396,OK,OK,OK,ok,,2.095547443,,10.94330729,,,0,0,1
